site,ID,Keep,Location,Pool_1,Pool_2,KG,NK,NG,sp,Sex1,Sex2,SL1_mm,surv,SL2_mm,mass1_gr,mass2_gr,Repr,Recr,Tot_Rcz,Rcsz,meanStage,egg_mg1,Emb_gr,dry_gr1,dry_gr2,area,volume,canopy,BiomassG1,BiomassG2,BiomassK1,BiomassK2,G1s,G2s,K1s,K2s,Date,Date2,Comments_1,Comments_2
CAI-1,CAI-1B,1,CAI,1,1,0,1,0,G,J,F,10.17,1,14.47,0.022,0.062,0,0,,,,,,,,17.22,3.04,30.2,10.958,13.067,16.286,17.461,0.825483963498576,0.948629335166236,-0.799354868198022,-0.42591995518606,2017-04-05T00:00:00Z,2017-05-03T00:00:00Z,,
CAI-1,CAI-1B2B,1,CAI,1,1,0,1,0,G,M,,17.56,0,,0.079,,,,,,,,,,,17.22,3.04,30.2,10.958,13.067,16.286,17.461,0.825483963498576,0.948629335166236,-0.799354868198022,-0.42591995518606,2017-04-05T00:00:00Z,2017-05-03T00:00:00Z,,
CAI-1,CAI-1B2G,1,CAI,1,1,0,1,0,G,M,,18.84,0,,0.128,,,,,,,,,,,17.22,3.04,30.2,10.958,13.067,16.286,17.461,0.825483963498576,0.948629335166236,-0.799354868198022,-0.42591995518606,2017-04-05T00:00:00Z,2017-05-03T00:00:00Z,,
CAI-1,CAI-1B2O,1,CAI,1,1,0,1,0,G,M,,18.36,0,,0.099,,,,,,,,,,,17.22,3.04,30.2,10.958,13.067,16.286,17.461,0.825483963498576,0.948629335166236,-0.799354868198022,-0.42591995518606,2017-04-05T00:00:00Z,2017-05-03T00:00:00Z,,
CAI-1,CAI-1B2R,1,CAI,1,1,0,1,0,G,M,M,16.66,1,17.21,0.077,0.106,0,0,,,,,,,,17.22,3.04,30.2,10.958,13.067,16.286,17.461,0.825483963498576,0.948629335166236,-0.799354868198022,-0.42591995518606,2017-04-05T00:00:00Z,2017-05-03T00:00:00Z,,
CAI-1,CAI-1B2W,1,CAI,1,1,0,1,0,G,M,M,17.79,1,17.39,0.094,0.112,0,0,,,,,,,,17.22,3.04,30.2,10.958,13.067,16.286,17.461,0.825483963498576,0.948629335166236,-0.799354868198022,-0.42591995518606,2017-04-05T00:00:00Z,2017-05-03T00:00:00Z,,
CAI-1,CAI-1B2Y,1,CAI,1,1,0,1,0,G,M,M,20.21,1,17.59,0.138,0.111,0,0,,,,,,,,17.22,3.04,30.2,10.958,13.067,16.286,17.461,0.825483963498576,0.948629335166236,-0.799354868198022,-0.42591995518606,2017-04-05T00:00:00Z,2017-05-03T00:00:00Z,,
CAI-1,CAI-1B5B,1,CAI,1,1,0,1,0,G,F,,24.41,0,,0.252,,,,,,,,,,,17.22,3.04,30.2,10.958,13.067,16.286,17.461,0.825483963498576,0.948629335166236,-0.799354868198022,-0.42591995518606,2017-04-05T00:00:00Z,2017-05-03T00:00:00Z,,
CAI-1,CAI-1B5G,1,CAI,1,1,0,1,0,G,F,F,21.02,1,21.18,0.188,0.201,1,3,28.8525105157267,,27.5,7.378,0.007378,,,17.22,3.04,30.2,10.958,13.067,16.286,17.461,0.825483963498576,0.948629335166236,-0.799354868198022,-0.42591995518606,2017-04-05T00:00:00Z,2017-05-03T00:00:00Z,,
CAI-1,CAI-1B5O,1,CAI,1,1,0,1,0,G,F,,14.8,0,,0.061,,,,,,,,,,,17.22,3.04,30.2,10.958,13.067,16.286,17.461,0.825483963498576,0.948629335166236,-0.799354868198022,-0.42591995518606,2017-04-05T00:00:00Z,2017-05-03T00:00:00Z,,
CAI-1,CAI-1B5P,1,CAI,1,3,0,1,0,G,F,F,23.2,1,18.89,0.191,0.143,0,0,,,,,,0.028,0.026,17.22,3.04,30.2,10.958,13.067,16.286,17.461,0.825483963498576,0.948629335166236,-0.799354868198022,-0.42591995518606,2017-04-05T00:00:00Z,2017-05-03T00:00:00Z,,
CAI-1,CAI-1B5R,1,CAI,1,1,0,1,0,G,F,F,18.61,1,19.39,0.106,0.157,1,10,31.256752980137,,1.8,13.063,0.013063,,,17.22,3.04,30.2,10.958,13.067,16.286,17.461,0.825483963498576,0.948629335166236,-0.799354868198022,-0.42591995518606,2017-04-05T00:00:00Z,2017-05-03T00:00:00Z,,
CAI-1,CAI-1B5W,1,CAI,1,1,0,1,0,G,F,F,16.22,1,21.64,0.089,0.203,0,0,,,,,,0.031,0.027,17.22,3.04,30.2,10.958,13.067,16.286,17.461,0.825483963498576,0.948629335166236,-0.799354868198022,-0.42591995518606,2017-04-05T00:00:00Z,2017-05-03T00:00:00Z,,
CAI-1,CAI-1B5Y,1,CAI,1,3,0,1,0,G,F,F,20.16,1,19.52,0.149,0.155,1,3,27.7053537015936,,2,5.523,0.005523,,,17.22,3.04,30.2,10.958,13.067,16.286,17.461,0.825483963498576,0.948629335166236,-0.799354868198022,-0.42591995518606,2017-04-05T00:00:00Z,2017-05-03T00:00:00Z,,
CAI-1,CAI-1G,1,CAI,1,1,0,1,0,G,J,J,11.51,1,14.98,0.025,0.088,0,0,,,,,,,,17.22,3.04,30.2,10.958,13.067,16.286,17.461,0.825483963498576,0.948629335166236,-0.799354868198022,-0.42591995518606,2017-04-05T00:00:00Z,2017-05-03T00:00:00Z,,
CAI-1,CAI-1G2B,1,CAI,1,1,0,1,0,G,M,M,18.63,1,17.51,0.101,0.109,0,0,,,,,,,,17.22,3.04,30.2,10.958,13.067,16.286,17.461,0.825483963498576,0.948629335166236,-0.799354868198022,-0.42591995518606,2017-04-05T00:00:00Z,2017-05-03T00:00:00Z,,
CAI-1,CAI-1G2G,1,CAI,1,1,0,1,0,G,J,M,17.87,1,15.62,0.088,0.098,0,0,,,,,,,,17.22,3.04,30.2,10.958,13.067,16.286,17.461,0.825483963498576,0.948629335166236,-0.799354868198022,-0.42591995518606,2017-04-05T00:00:00Z,2017-05-03T00:00:00Z,DIED BEFORE PROCCESSING,
CAI-1,CAI-1G2O,1,CAI,1,1,0,1,0,G,M,,18.96,0,,0.126,,,,,,,,,,,17.22,3.04,30.2,10.958,13.067,16.286,17.461,0.825483963498576,0.948629335166236,-0.799354868198022,-0.42591995518606,2017-04-05T00:00:00Z,2017-05-03T00:00:00Z,,
CAI-1,CAI-1G2P,1,CAI,1,1,0,1,0,G,M,M,20.09,1,18.33,0.132,0.141,0,0,,,,,,,,17.22,3.04,30.2,10.958,13.067,16.286,17.461,0.825483963498576,0.948629335166236,-0.799354868198022,-0.42591995518606,2017-04-05T00:00:00Z,2017-05-03T00:00:00Z,,
CAI-1,CAI-1G2R,1,CAI,1,1,0,1,0,G,M,,18.6,0,,0.115,,,,,,,,,,,17.22,3.04,30.2,10.958,13.067,16.286,17.461,0.825483963498576,0.948629335166236,-0.799354868198022,-0.42591995518606,2017-04-05T00:00:00Z,2017-05-03T00:00:00Z,,
CAI-1,CAI-1G2W,1,CAI,1,1,0,1,0,G,M,,17.16,0,,0.081,,,,,,,,,,,17.22,3.04,30.2,10.958,13.067,16.286,17.461,0.825483963498576,0.948629335166236,-0.799354868198022,-0.42591995518606,2017-04-05T00:00:00Z,2017-05-03T00:00:00Z,,
CAI-1,CAI-1G2Y,1,CAI,1,1,0,1,0,G,M,,20.71,0,,0.157,,,,,,,,,,,17.22,3.04,30.2,10.958,13.067,16.286,17.461,0.825483963498576,0.948629335166236,-0.799354868198022,-0.42591995518606,2017-04-05T00:00:00Z,2017-05-03T00:00:00Z,,
CAI-1,CAI-1G5B,1,CAI,1,1,0,1,0,G,F,F,20.95,1,23.9,0.165,0.269,1,6,30.2594684052026,,3,10.364,0.010364,0.058,0.049,17.22,3.04,30.2,10.958,13.067,16.286,17.461,0.825483963498576,0.948629335166236,-0.799354868198022,-0.42591995518606,2017-04-05T00:00:00Z,2017-05-03T00:00:00Z,,
CAI-1,CAI-1G5O,1,CAI,1,1,0,1,0,G,F,F,21.56,1,21.91,0.192,0.243,1,4,29.4988642001048,,17.5,8.642,0.008642,,,17.22,3.04,30.2,10.958,13.067,16.286,17.461,0.825483963498576,0.948629335166236,-0.799354868198022,-0.42591995518606,2017-04-05T00:00:00Z,2017-05-03T00:00:00Z,,
CAI-1,CAI-1G5P,1,CAI,1,1,0,1,0,G,F,,21.83,0,,0.223,,,,,,,,,,,17.22,3.04,30.2,10.958,13.067,16.286,17.461,0.825483963498576,0.948629335166236,-0.799354868198022,-0.42591995518606,2017-04-05T00:00:00Z,2017-05-03T00:00:00Z,,
CAI-1,CAI-1G5R,1,CAI,1,1,0,1,0,G,F,,25.05,0,,0.208,,,,,,,,,,,17.22,3.04,30.2,10.958,13.067,16.286,17.461,0.825483963498576,0.948629335166236,-0.799354868198022,-0.42591995518606,2017-04-05T00:00:00Z,2017-05-03T00:00:00Z,,
CAI-1,CAI-1G5W,1,CAI,1,1,0,1,0,G,F,,21.08,0,,0.235,,,,,,,,,,,17.22,3.04,30.2,10.958,13.067,16.286,17.461,0.825483963498576,0.948629335166236,-0.799354868198022,-0.42591995518606,2017-04-05T00:00:00Z,2017-05-03T00:00:00Z,,
CAI-1,CAI-1G5Y,1,CAI,1,1,0,1,0,G,F,F,19.24,1,21.77,0.137,0.206,1,5,29.4275589342865,,2,8.494,0.008494,0.042,0.031,17.22,3.04,30.2,10.958,13.067,16.286,17.461,0.825483963498576,0.948629335166236,-0.799354868198022,-0.42591995518606,2017-04-05T00:00:00Z,2017-05-03T00:00:00Z,,
CAI-1,CAI-1O2B,1,CAI,1,1,0,1,0,G,M,M,18.27,1,17.89,0.102,0.134,0,0,,,,,,,,17.22,3.04,30.2,10.958,13.067,16.286,17.461,0.825483963498576,0.948629335166236,-0.799354868198022,-0.42591995518606,2017-04-05T00:00:00Z,2017-05-03T00:00:00Z,,
CAI-1,CAI-1O2G,1,CAI,1,1,0,1,0,G,M,,17.97,0,,0.104,,,,,,,,,,,17.22,3.04,30.2,10.958,13.067,16.286,17.461,0.825483963498576,0.948629335166236,-0.799354868198022,-0.42591995518606,2017-04-05T00:00:00Z,2017-05-03T00:00:00Z,,
CAI-1,CAI-1O2O,1,CAI,1,1,0,1,0,G,M,,18.9,0,,0.119,,,,,,,,,,,17.22,3.04,30.2,10.958,13.067,16.286,17.461,0.825483963498576,0.948629335166236,-0.799354868198022,-0.42591995518606,2017-04-05T00:00:00Z,2017-05-03T00:00:00Z,,
CAI-1,CAI-1O2P,1,CAI,1,1,0,1,0,G,M,,17.51,0,,0.1,,,,,,,,,,,17.22,3.04,30.2,10.958,13.067,16.286,17.461,0.825483963498576,0.948629335166236,-0.799354868198022,-0.42591995518606,2017-04-05T00:00:00Z,2017-05-03T00:00:00Z,,
CAI-1,CAI-1O2W,1,CAI,1,1,0,1,0,G,M,M,18.8,1,16.68,0.105,0.109,0,0,,,,,,,,17.22,3.04,30.2,10.958,13.067,16.286,17.461,0.825483963498576,0.948629335166236,-0.799354868198022,-0.42591995518606,2017-04-05T00:00:00Z,2017-05-03T00:00:00Z,,
CAI-1,CAI-1O2Y,1,CAI,1,1,0,1,0,G,M,M,17.55,1,18.42,0.095,0.142,0,0,,,,,,,,17.22,3.04,30.2,10.958,13.067,16.286,17.461,0.825483963498576,0.948629335166236,-0.799354868198022,-0.42591995518606,2017-04-05T00:00:00Z,2017-05-03T00:00:00Z,,
CAI-1,CAI-1P1R,1,CAI,1,1,0,1,0,G,F,,15.91,0,,0.071,,,,,,,,,,,17.22,3.04,30.2,10.958,13.067,16.286,17.461,0.825483963498576,0.948629335166236,-0.799354868198022,-0.42591995518606,2017-04-05T00:00:00Z,2017-05-03T00:00:00Z,,
CAI-1,CAI-1P2B,1,CAI,1,1,0,1,0,G,M,,19.42,0,,0.105,,,,,,,,,,,17.22,3.04,30.2,10.958,13.067,16.286,17.461,0.825483963498576,0.948629335166236,-0.799354868198022,-0.42591995518606,2017-04-05T00:00:00Z,2017-05-03T00:00:00Z,,
CAI-1,CAI-1P2G,1,CAI,1,1,0,1,0,G,M,,18.91,0,,0.117,,,,,,,,,,,17.22,3.04,30.2,10.958,13.067,16.286,17.461,0.825483963498576,0.948629335166236,-0.799354868198022,-0.42591995518606,2017-04-05T00:00:00Z,2017-05-03T00:00:00Z,,
CAI-1,CAI-1P2O,1,CAI,1,1,0,1,0,G,M,M,15.02,1,16.18,0.054,0.084,0,0,,,,,,0.017,0.015,17.22,3.04,30.2,10.958,13.067,16.286,17.461,0.825483963498576,0.948629335166236,-0.799354868198022,-0.42591995518606,2017-04-05T00:00:00Z,2017-05-03T00:00:00Z,,
CAI-1,CAI-1P2P,1,CAI,1,1,0,1,0,G,M,M,16.77,1,17.54,0.071,0.121,0,0,,,,,,,,17.22,3.04,30.2,10.958,13.067,16.286,17.461,0.825483963498576,0.948629335166236,-0.799354868198022,-0.42591995518606,2017-04-05T00:00:00Z,2017-05-03T00:00:00Z,,
CAI-1,CAI-1P2R,1,CAI,1,1,0,1,0,G,M,M,16.91,1,17.65,0.084,0.113,0,0,,,,,,,,17.22,3.04,30.2,10.958,13.067,16.286,17.461,0.825483963498576,0.948629335166236,-0.799354868198022,-0.42591995518606,2017-04-05T00:00:00Z,2017-05-03T00:00:00Z,,
CAI-1,CAI-1P2Y,1,CAI,1,1,0,1,0,G,M,,17.96,0,,0.088,,,,,,,,,,,17.22,3.04,30.2,10.958,13.067,16.286,17.461,0.825483963498576,0.948629335166236,-0.799354868198022,-0.42591995518606,2017-04-05T00:00:00Z,2017-05-03T00:00:00Z,,
CAI-1,CAI-1P5B,1,CAI,1,1,0,1,0,G,F,F,16.79,1,18.8,0.069,0.113,0,0,,,,,,0.035,0.032,17.22,3.04,30.2,10.958,13.067,16.286,17.461,0.825483963498576,0.948629335166236,-0.799354868198022,-0.42591995518606,2017-04-05T00:00:00Z,2017-05-03T00:00:00Z,,
CAI-1,CAI-1P5G,1,CAI,1,1,0,1,0,G,F,F,15.78,1,19.04,0.054,0.154,0,0,,,,,,,,17.22,3.04,30.2,10.958,13.067,16.286,17.461,0.825483963498576,0.948629335166236,-0.799354868198022,-0.42591995518606,2017-04-05T00:00:00Z,2017-05-03T00:00:00Z,,
CAI-1,CAI-1P5O,1,CAI,1,1,0,1,0,G,F,F,13.69,1,18.44,0.055,0.132,0,0,,,,,,0.031,0.025,17.22,3.04,30.2,10.958,13.067,16.286,17.461,0.825483963498576,0.948629335166236,-0.799354868198022,-0.42591995518606,2017-04-05T00:00:00Z,2017-05-03T00:00:00Z,,
CAI-1,CAI-1P5P,1,CAI,1,1,0,1,0,G,F,F,17.5,1,20.28,0.09,0.186,1,2,24.0853824310835,,0,2.033,0.002033,0.037,0.032,17.22,3.04,30.2,10.958,13.067,16.286,17.461,0.825483963498576,0.948629335166236,-0.799354868198022,-0.42591995518606,2017-04-05T00:00:00Z,2017-05-03T00:00:00Z,,
CAI-1,CAI-1P5Y,1,CAI,1,1,0,1,0,G,F,,18.78,0,,0.148,,,,,,40,,,,,17.22,3.04,30.2,10.958,13.067,16.286,17.461,0.825483963498576,0.948629335166236,-0.799354868198022,-0.42591995518606,2017-04-05T00:00:00Z,2017-05-03T00:00:00Z,,
CAI-1,CAI-1R,1,CAI,1,1,0,1,0,G,J,F,11.45,1,17.16,0.028,0.111,0,0,,,,,,0.025,0.02,17.22,3.04,30.2,10.958,13.067,16.286,17.461,0.825483963498576,0.948629335166236,-0.799354868198022,-0.42591995518606,2017-04-05T00:00:00Z,2017-05-03T00:00:00Z,,
CAI-1,CAI-1R2B,1,CAI,1,1,0,1,0,G,M,M,17.42,1,17.97,0.108,0.131,0,0,,,,,,,,17.22,3.04,30.2,10.958,13.067,16.286,17.461,0.825483963498576,0.948629335166236,-0.799354868198022,-0.42591995518606,2017-04-05T00:00:00Z,2017-05-03T00:00:00Z,,
CAI-1,CAI-1R2G,1,CAI,1,1,0,1,0,G,M,M,17.45,1,17.17,0.116,0.118,0,0,,,,,,,,17.22,3.04,30.2,10.958,13.067,16.286,17.461,0.825483963498576,0.948629335166236,-0.799354868198022,-0.42591995518606,2017-04-05T00:00:00Z,2017-05-03T00:00:00Z,,
CAI-1,CAI-1R2O,1,CAI,1,1,0,1,0,G,M,,18.64,0,,0.114,,,,,,,,,,,17.22,3.04,30.2,10.958,13.067,16.286,17.461,0.825483963498576,0.948629335166236,-0.799354868198022,-0.42591995518606,2017-04-05T00:00:00Z,2017-05-03T00:00:00Z,,
CAI-1,CAI-1R2P,1,CAI,1,1,0,1,0,G,M,M,17.73,1,18.81,0.087,0.145,0,0,,,,,,,,17.22,3.04,30.2,10.958,13.067,16.286,17.461,0.825483963498576,0.948629335166236,-0.799354868198022,-0.42591995518606,2017-04-05T00:00:00Z,2017-05-03T00:00:00Z,,
CAI-1,CAI-1R2R,1,CAI,1,1,0,1,0,G,M,M,17.18,1,17.98,0.19,0.102,0,0,,,,,,,,17.22,3.04,30.2,10.958,13.067,16.286,17.461,0.825483963498576,0.948629335166236,-0.799354868198022,-0.42591995518606,2017-04-05T00:00:00Z,2017-05-03T00:00:00Z,,
CAI-1,CAI-1R2W,1,CAI,1,1,0,1,0,G,M,M,16.93,1,17.95,0.085,0.118,0,0,,,,,,,,17.22,3.04,30.2,10.958,13.067,16.286,17.461,0.825483963498576,0.948629335166236,-0.799354868198022,-0.42591995518606,2017-04-05T00:00:00Z,2017-05-03T00:00:00Z,,
CAI-1,CAI-1R2Y,1,CAI,1,1,0,1,0,G,J,M,17.13,1,17.16,0.087,0.132,0,0,,,,,,,,17.22,3.04,30.2,10.958,13.067,16.286,17.461,0.825483963498576,0.948629335166236,-0.799354868198022,-0.42591995518606,2017-04-05T00:00:00Z,2017-05-03T00:00:00Z,,
CAI-1,CAI-1R5B,1,CAI,1,1,0,1,0,G,F,F,15.79,1,18.86,0.071,0.131,0,0,,,,,,,,17.22,3.04,30.2,10.958,13.067,16.286,17.461,0.825483963498576,0.948629335166236,-0.799354868198022,-0.42591995518606,2017-04-05T00:00:00Z,2017-05-03T00:00:00Z,,
CAI-1,CAI-1R5G,1,CAI,1,1,0,1,0,G,F,F,13.99,1,18.33,0.052,0.128,0,0,,,,,,,,17.22,3.04,30.2,10.958,13.067,16.286,17.461,0.825483963498576,0.948629335166236,-0.799354868198022,-0.42591995518606,2017-04-05T00:00:00Z,2017-05-03T00:00:00Z,,
CAI-1,CAI-1R5O,1,CAI,1,1,0,1,0,G,F,F,28.33,1,27.95,0.534,0.554,1,12,34.4968422570259,,27.5,26.411,0.026411,,,17.22,3.04,30.2,10.958,13.067,16.286,17.461,0.825483963498576,0.948629335166236,-0.799354868198022,-0.42591995518606,2017-04-05T00:00:00Z,2017-05-03T00:00:00Z,,
CAI-1,CAI-1R5P,1,CAI,1,1,0,1,0,G,F,F,16.76,1,19.45,0.076,0.159,1,3,27.2376357998514,,2,4.891,0.004891,0.031,0.028,17.22,3.04,30.2,10.958,13.067,16.286,17.461,0.825483963498576,0.948629335166236,-0.799354868198022,-0.42591995518606,2017-04-05T00:00:00Z,2017-05-03T00:00:00Z,,
CAI-1,CAI-1R5R,1,CAI,1,1,0,1,0,G,F,F,19.47,1,20.02,0.115,0.169,1,3,27.4486734326627,,13.33,5.168,0.005168,,,17.22,3.04,30.2,10.958,13.067,16.286,17.461,0.825483963498576,0.948629335166236,-0.799354868198022,-0.42591995518606,2017-04-05T00:00:00Z,2017-05-03T00:00:00Z,,
CAI-1,CAI-1R5W,1,CAI,1,1,0,1,0,G,F,,15.14,0,,0.054,,,,,,,,,0.03,0.027,17.22,3.04,30.2,10.958,13.067,16.286,17.461,0.825483963498576,0.948629335166236,-0.799354868198022,-0.42591995518606,2017-04-05T00:00:00Z,2017-05-03T00:00:00Z,,
CAI-1,CAI-1R5W,1,CAI,1,1,0,1,0,G,F,,15.14,0,,0.054,,,,,,,,,0.04,0.031,17.22,3.04,30.2,10.958,13.067,16.286,17.461,0.825483963498576,0.948629335166236,-0.799354868198022,-0.42591995518606,2017-04-05T00:00:00Z,2017-05-03T00:00:00Z,,
CAI-1,CAI-1R5Y,1,CAI,1,1,0,1,0,G,F,F,22.8,1,23.93,0.204,0.333,0,0,,,,,,0.066,0.055,17.22,3.04,30.2,10.958,13.067,16.286,17.461,0.825483963498576,0.948629335166236,-0.799354868198022,-0.42591995518606,2017-04-05T00:00:00Z,2017-05-03T00:00:00Z,,
CAI-1,CAI-1W2B,1,CAI,1,1,0,1,0,G,M,M,17.67,1,17.31,0.099,0.115,0,0,,,,,,,,17.22,3.04,30.2,10.958,13.067,16.286,17.461,0.825483963498576,0.948629335166236,-0.799354868198022,-0.42591995518606,2017-04-05T00:00:00Z,2017-05-03T00:00:00Z,,
CAI-1,CAI-1W2G,1,CAI,1,1,0,1,0,G,M,,17.31,0,,0.105,,,,,,,,,,,17.22,3.04,30.2,10.958,13.067,16.286,17.461,0.825483963498576,0.948629335166236,-0.799354868198022,-0.42591995518606,2017-04-05T00:00:00Z,2017-05-03T00:00:00Z,,
CAI-1,CAI-1W2O,1,CAI,1,1,0,1,0,G,F,F,22.95,1,23.03,0.247,0.292,1,7,31.330637067171,,2,13.285,0.013285,0.055,0.049,17.22,3.04,30.2,10.958,13.067,16.286,17.461,0.825483963498576,0.948629335166236,-0.799354868198022,-0.42591995518606,2017-04-05T00:00:00Z,2017-05-03T00:00:00Z,,
CAI-1,CAI-1W2P,1,CAI,1,1,0,1,0,G,J,J,14.89,1,16.34,0.053,0.094,0,0,,,,,,,,17.22,3.04,30.2,10.958,13.067,16.286,17.461,0.825483963498576,0.948629335166236,-0.799354868198022,-0.42591995518606,2017-04-05T00:00:00Z,2017-05-03T00:00:00Z,,
CAI-1,CAI-1W2R,1,CAI,1,1,0,1,0,G,M,M,15.56,1,17.03,0.066,0.128,0,0,,,,,,,,17.22,3.04,30.2,10.958,13.067,16.286,17.461,0.825483963498576,0.948629335166236,-0.799354868198022,-0.42591995518606,2017-04-05T00:00:00Z,2017-05-03T00:00:00Z,,
CAI-1,CAI-1W2W,1,CAI,1,1,0,1,0,G,F,,21.79,0,,0.222,,,,,,,,,,,17.22,3.04,30.2,10.958,13.067,16.286,17.461,0.825483963498576,0.948629335166236,-0.799354868198022,-0.42591995518606,2017-04-05T00:00:00Z,2017-05-03T00:00:00Z,,
CAI-1,CAI-1W2Y,1,CAI,1,1,0,1,0,G,M,M,16.99,1,16.93,0.09,0.123,0,0,,,,,,,,17.22,3.04,30.2,10.958,13.067,16.286,17.461,0.825483963498576,0.948629335166236,-0.799354868198022,-0.42591995518606,2017-04-05T00:00:00Z,2017-05-03T00:00:00Z,,
CAI-1,CAI-1Y2B,1,CAI,1,1,0,1,0,G,M,M,17.58,1,19.28,0.092,0.167,0,0,,,,,,,,17.22,3.04,30.2,10.958,13.067,16.286,17.461,0.825483963498576,0.948629335166236,-0.799354868198022,-0.42591995518606,2017-04-05T00:00:00Z,2017-05-03T00:00:00Z,,
CAI-1,CAI-1Y2G,1,CAI,1,1,0,1,0,G,M,,18.69,0,,0.098,,,,,,,,,,,17.22,3.04,30.2,10.958,13.067,16.286,17.461,0.825483963498576,0.948629335166236,-0.799354868198022,-0.42591995518606,2017-04-05T00:00:00Z,2017-05-03T00:00:00Z,,
CAI-1,CAI-1Y2P,1,CAI,1,1,0,1,0,G,M,,19.14,0,,0.117,,,,,,,,,,,17.22,3.04,30.2,10.958,13.067,16.286,17.461,0.825483963498576,0.948629335166236,-0.799354868198022,-0.42591995518606,2017-04-05T00:00:00Z,2017-05-03T00:00:00Z,,
CAI-1,CAI-1Y2R,1,CAI,1,1,0,1,0,G,M,M,18.51,1,16.71,0.114,0.114,0,0,,,,,,,,17.22,3.04,30.2,10.958,13.067,16.286,17.461,0.825483963498576,0.948629335166236,-0.799354868198022,-0.42591995518606,2017-04-05T00:00:00Z,2017-05-03T00:00:00Z,,
CAI-1,CAI-1Y2W,1,CAI,1,1,0,1,0,G,M,,17.89,0,,0.085,,,,,,,,,,,17.22,3.04,30.2,10.958,13.067,16.286,17.461,0.825483963498576,0.948629335166236,-0.799354868198022,-0.42591995518606,2017-04-05T00:00:00Z,2017-05-03T00:00:00Z,,
CAI-1,CAI-1Y2Y,1,CAI,1,1,0,1,0,G,M,,19.61,0,,0.124,,,,,,,,,,,17.22,3.04,30.2,10.958,13.067,16.286,17.461,0.825483963498576,0.948629335166236,-0.799354868198022,-0.42591995518606,2017-04-05T00:00:00Z,2017-05-03T00:00:00Z,,
CAI-1,CAI-1Y5B,1,CAI,1,1,0,1,0,G,F,F,14.9,1,22.36,0.074,0.235,0,0,,,,,,,,17.22,3.04,30.2,10.958,13.067,16.286,17.461,0.825483963498576,0.948629335166236,-0.799354868198022,-0.42591995518606,2017-04-05T00:00:00Z,2017-05-03T00:00:00Z,,
CAI-1,CAI-1Y5G,1,CAI,1,1,0,1,0,G,F,F,19.51,1,20.99,0.179,0.202,1,8,31.3303066440743,,21.25,13.284,0.013284,0.038,0.034,17.22,3.04,30.2,10.958,13.067,16.286,17.461,0.825483963498576,0.948629335166236,-0.799354868198022,-0.42591995518606,2017-04-05T00:00:00Z,2017-05-03T00:00:00Z,,
CAI-1,CAI-1Y5O,1,CAI,1,1,0,1,0,G,F,F,22.47,1,23.79,0.218,0.295,1,3,27.3080748663075,,17.5,4.982,0.004982,,,17.22,3.04,30.2,10.958,13.067,16.286,17.461,0.825483963498576,0.948629335166236,-0.799354868198022,-0.42591995518606,2017-04-05T00:00:00Z,2017-05-03T00:00:00Z,,
CAI-1,CAI-1Y5P,1,CAI,1,1,0,1,0,G,F,F,23.89,1,23.93,0.265,0.333,0,0,,,,,,,,17.22,3.04,30.2,10.958,13.067,16.286,17.461,0.825483963498576,0.948629335166236,-0.799354868198022,-0.42591995518606,2017-04-05T00:00:00Z,2017-05-03T00:00:00Z,,
CAI-1,CAI-1Y5R,1,CAI,1,1,0,1,0,G,F,F,15.02,1,18.78,0.064,0.139,0,0,,,,,,0.032,0.026,17.22,3.04,30.2,10.958,13.067,16.286,17.461,0.825483963498576,0.948629335166236,-0.799354868198022,-0.42591995518606,2017-04-05T00:00:00Z,2017-05-03T00:00:00Z,,
CAI-1,CAI-1Y5W,1,CAI,1,1,0,1,0,G,F,,20.98,0,,0.213,,,,,,,,,,,17.22,3.04,30.2,10.958,13.067,16.286,17.461,0.825483963498576,0.948629335166236,-0.799354868198022,-0.42591995518606,2017-04-05T00:00:00Z,2017-05-03T00:00:00Z,,
CAI-1,CAI-1Y5Y,1,CAI,1,1,0,1,0,G,F,F,19.2,1,21.77,0.129,0.233,1,8,30.3934407942938,,12.9,10.696,0.010696,0.045,0.039,17.22,3.04,30.2,10.958,13.067,16.286,17.461,0.825483963498576,0.948629335166236,-0.799354868198022,-0.42591995518606,2017-04-05T00:00:00Z,2017-05-03T00:00:00Z,,
CAI-1,CAI-2B2P,1,CAI,1,1,0,1,0,G,M,,18.05,0,,0.086,,,,,,,,,,,17.22,3.04,30.2,10.958,13.067,16.286,17.461,0.825483963498576,0.948629335166236,-0.799354868198022,-0.42591995518606,2017-04-05T00:00:00Z,2017-05-03T00:00:00Z,,
CAI-1,CAI-2G,1,CAI,1,1,0,1,0,G,J,,10.62,0,,0.021,,,,,,,,,,,17.22,3.04,30.2,10.958,13.067,16.286,17.461,0.825483963498576,0.948629335166236,-0.799354868198022,-0.42591995518606,2017-04-05T00:00:00Z,2017-05-03T00:00:00Z,,
CAI-1,CAI-2G5O,1,CAI,1,1,0,1,0,G,F,F,18.07,1,20.87,0.12,0.214,1,5,29.8399342305035,,17.5,9.381,0.009381,0.043,0.037,17.22,3.04,30.2,10.958,13.067,16.286,17.461,0.825483963498576,0.948629335166236,-0.799354868198022,-0.42591995518606,2017-04-05T00:00:00Z,2017-05-03T00:00:00Z,,
CAI-1,CAI-2G5W,0,CAI,1,1,0,1,0,G,F,,15.5,0,,0.087,,,,,,,,,,,17.22,3.04,30.2,10.958,13.067,16.286,17.461,0.825483963498576,0.948629335166236,-0.799354868198022,-0.42591995518606,2017-04-05T00:00:00Z,2017-05-03T00:00:00Z,,
CAI-1,CAI-2Y5B,1,CAI,1,1,0,1,0,G,F,,23.4,0,,0.252,,,,,,,,,0.035,0.033,17.22,3.04,30.2,10.958,13.067,16.286,17.461,0.825483963498576,0.948629335166236,-0.799354868198022,-0.42591995518606,2017-04-05T00:00:00Z,2017-05-03T00:00:00Z,,
CAI-1,CAI-2Y5G,1,CAI,1,1,0,1,0,G,F,,16.64,0,,0.091,,,,,,,,,,,17.22,3.04,30.2,10.958,13.067,16.286,17.461,0.825483963498576,0.948629335166236,-0.799354868198022,-0.42591995518606,2017-04-05T00:00:00Z,2017-05-03T00:00:00Z,,
CAI-1,CAI-2Y5R,0,CAI,1,1,0,1,0,G,F,,22.03,0,,0.235,,,,,,,,,,,17.22,3.04,30.2,10.958,13.067,16.286,17.461,0.825483963498576,0.948629335166236,-0.799354868198022,-0.42591995518606,2017-04-05T00:00:00Z,2017-05-03T00:00:00Z,,
CAI-1,CAI-5B,1,CAI,1,1,0,1,0,G,J,J,10.23,1,15.29,0.02,0.075,0,0,,,,,,,,17.22,3.04,30.2,10.958,13.067,16.286,17.461,0.825483963498576,0.948629335166236,-0.799354868198022,-0.42591995518606,2017-04-05T00:00:00Z,2017-05-03T00:00:00Z,,
CAI-1,CAI-5G,1,CAI,1,1,0,1,0,G,J,J,11.39,1,15.36,0.029,0.076,0,0,,,,,,,,17.22,3.04,30.2,10.958,13.067,16.286,17.461,0.825483963498576,0.948629335166236,-0.799354868198022,-0.42591995518606,2017-04-05T00:00:00Z,2017-05-03T00:00:00Z,,
CAI-1,CAI-5R,1,CAI,1,1,0,1,0,G,J,J,10.9,1,14.08,0.023,0.057,0,0,,,,,,,,17.22,3.04,30.2,10.958,13.067,16.286,17.461,0.825483963498576,0.948629335166236,-0.799354868198022,-0.42591995518606,2017-04-05T00:00:00Z,2017-05-03T00:00:00Z,,
CAI-1,CAI-7B,1,CAI,1,1,0,1,0,G,J,F,10.72,1,15.69,0.021,0.078,0,0,,,,,,0.018,0.015,17.22,3.04,30.2,10.958,13.067,16.286,17.461,0.825483963498576,0.948629335166236,-0.799354868198022,-0.42591995518606,2017-04-05T00:00:00Z,2017-05-03T00:00:00Z,,
CAI-3,CAI-1B5O7O,1,CAI,3,3,1,0,0,G,M,M,17.71,1,16.96,0.094,0.101,0,0,,,,,,,,15.74,2.24,25,12.696,10.739,19.17,18.779,1.20297631210134,0.54952526885392,-0.602709619306408,-0.353339362038377,2017-04-05T00:00:00Z,2017-05-03T00:00:00Z,,
CAI-3,CAI-1B7B,1,CAI,3,3,1,0,0,G,F,F,19.54,1,21.59,0.126,0.21,1,8,26.5206222099011,,10.25,4.043,0.004043,,,15.74,2.24,25,12.696,10.739,19.17,18.779,1.20297631210134,0.54952526885392,-0.602709619306408,-0.353339362038377,2017-04-05T00:00:00Z,2017-05-03T00:00:00Z,,
CAI-3,CAI-1B7G,1,CAI,3,,1,0,0,G,F,,14.92,0,,0.06,,,,,,,,,,,15.74,2.24,25,12.696,10.739,19.17,18.779,1.20297631210134,0.54952526885392,-0.602709619306408,-0.353339362038377,2017-04-05T00:00:00Z,2017-05-03T00:00:00Z,,
CAI-3,CAI-1B7P,1,CAI,3,,1,0,0,G,F,,17.61,0,,0.1,,,,,,,,,,,15.74,2.24,25,12.696,10.739,19.17,18.779,1.20297631210134,0.54952526885392,-0.602709619306408,-0.353339362038377,2017-04-05T00:00:00Z,2017-05-03T00:00:00Z,,
CAI-3,CAI-1B7R,1,CAI,3,3,1,0,0,G,F,F,16.45,1,18.49,0.079,0.123,0,0,,,,,,,,15.74,2.24,25,12.696,10.739,19.17,18.779,1.20297631210134,0.54952526885392,-0.602709619306408,-0.353339362038377,2017-04-05T00:00:00Z,2017-05-03T00:00:00Z,,
CAI-3,CAI-1B7W,1,CAI,3,,1,0,0,G,M,,18.68,0,,0.117,,,,,,,,,,,15.74,2.24,25,12.696,10.739,19.17,18.779,1.20297631210134,0.54952526885392,-0.602709619306408,-0.353339362038377,2017-04-05T00:00:00Z,2017-05-03T00:00:00Z,,
CAI-3,CAI-1B7Y,1,CAI,3,,1,0,0,G,F,,17.89,0,,0.092,,,,,,,,,,,15.74,2.24,25,12.696,10.739,19.17,18.779,1.20297631210134,0.54952526885392,-0.602709619306408,-0.353339362038377,2017-04-05T00:00:00Z,2017-05-03T00:00:00Z,,
CAI-3,CAI-1G7B,1,CAI,3,3,1,0,0,G,M,M,17.92,1,16.59,0.095,0.097,0,0,,,,,,,,15.74,2.24,25,12.696,10.739,19.17,18.779,1.20297631210134,0.54952526885392,-0.602709619306408,-0.353339362038377,2017-04-05T00:00:00Z,2017-05-03T00:00:00Z,,
CAI-3,CAI-1G7P,1,CAI,3,,1,0,0,G,M,,19.74,0,,0.122,,,,,,,,,,,15.74,2.24,25,12.696,10.739,19.17,18.779,1.20297631210134,0.54952526885392,-0.602709619306408,-0.353339362038377,2017-04-05T00:00:00Z,2017-05-03T00:00:00Z,,
CAI-3,CAI-1N7P,1,CAI,3,,1,0,0,G,F,,24.69,0,,0.294,,,,,,,,,,,15.74,2.24,25,12.696,10.739,19.17,18.779,1.20297631210134,0.54952526885392,-0.602709619306408,-0.353339362038377,2017-04-05T00:00:00Z,2017-05-03T00:00:00Z,,
CAI-3,CAI-1O5B,1,CAI,3,1,1,0,0,G,J,F,19.07,1,22.07,0.148,0.239,1,5,29.9631449176342,,3.8,9.661,0.009661,0.05,0.042,15.74,2.24,25,12.696,10.739,19.17,18.779,1.20297631210134,0.54952526885392,-0.602709619306408,-0.353339362038377,2017-04-05T00:00:00Z,2017-05-03T00:00:00Z,,
CAI-3,CAI-1O5G,1,CAI,3,1,1,0,0,G,J,F,17.78,1,18.21,0.117,0.123,1,1,23.1174084986227,,0,1.517,0.001517,0.023,0.021,15.74,2.24,25,12.696,10.739,19.17,18.779,1.20297631210134,0.54952526885392,-0.602709619306408,-0.353339362038377,2017-04-05T00:00:00Z,2017-05-03T00:00:00Z,,
CAI-3,CAI-1O5O,1,CAI,3,,1,0,0,G,J,,27.66,0,,0.432,,,,,,,,,,,15.74,2.24,25,12.696,10.739,19.17,18.779,1.20297631210134,0.54952526885392,-0.602709619306408,-0.353339362038377,2017-04-05T00:00:00Z,2017-05-03T00:00:00Z,,
CAI-3,CAI-1O5P,1,CAI,3,1,1,0,0,G,J,F,16.24,1,19.82,0.072,0.169,1,3,26.7418758977878,,2,4.29,0.00429,,,15.74,2.24,25,12.696,10.739,19.17,18.779,1.20297631210134,0.54952526885392,-0.602709619306408,-0.353339362038377,2017-04-05T00:00:00Z,2017-05-03T00:00:00Z,,
CAI-3,CAI-1O5R,1,CAI,3,1,1,0,0,G,J,F,18.83,1,22.01,0.136,0.229,1,3,26.7348835711917,,35,4.282,0.004282,0.05,0.041,15.74,2.24,25,12.696,10.739,19.17,18.779,1.20297631210134,0.54952526885392,-0.602709619306408,-0.353339362038377,2017-04-05T00:00:00Z,2017-05-03T00:00:00Z,,
CAI-3,CAI-1O5W,1,CAI,3,1,1,0,0,G,J,J,12.18,1,15.54,0.064,0.084,0,0,,,,,,0.018,0.015,15.74,2.24,25,12.696,10.739,19.17,18.779,1.20297631210134,0.54952526885392,-0.602709619306408,-0.353339362038377,2017-04-05T00:00:00Z,2017-05-03T00:00:00Z,,
CAI-3,CAI-1O5Y,1,CAI,3,1,1,0,0,G,J,F,18.75,1,21.1,0.136,0.208,0,0,,,,,,,,15.74,2.24,25,12.696,10.739,19.17,18.779,1.20297631210134,0.54952526885392,-0.602709619306408,-0.353339362038377,2017-04-05T00:00:00Z,2017-05-03T00:00:00Z,,
CAI-3,CAI-1P,1,CAI,3,3,1,0,0,G,J,F,10.35,1,15.51,0.021,0.066,0,0,,,,,,0.014,0.013,15.74,2.24,25,12.696,10.739,19.17,18.779,1.20297631210134,0.54952526885392,-0.602709619306408,-0.353339362038377,2017-04-05T00:00:00Z,2017-05-03T00:00:00Z,,
CAI-3,CAI-1P5W,1,CAI,3,1,1,0,0,G,J,F,17.67,1,20.45,0.096,0.183,1,3,28.0711179769476,,5,6.065,0.006065,,,15.74,2.24,25,12.696,10.739,19.17,18.779,1.20297631210134,0.54952526885392,-0.602709619306408,-0.353339362038377,2017-04-05T00:00:00Z,2017-05-03T00:00:00Z,,
CAI-3,CAI-1R7B,1,CAI,3,,1,0,0,G,F,,25.88,0,,0.222,,,,,,,,,,,15.74,2.24,25,12.696,10.739,19.17,18.779,1.20297631210134,0.54952526885392,-0.602709619306408,-0.353339362038377,2017-04-05T00:00:00Z,2017-05-03T00:00:00Z,,
CAI-3,CAI-1R7O,1,CAI,3,3,1,0,0,G,F,F,15.21,1,16.78,0.066,0.094,0,0,,,,,,0.02,0.018,15.74,2.24,25,12.696,10.739,19.17,18.779,1.20297631210134,0.54952526885392,-0.602709619306408,-0.353339362038377,2017-04-05T00:00:00Z,2017-05-03T00:00:00Z,,
CAI-3,CAI-1R7P,1,CAI,3,2,1,0,0,G,F,F,19.52,1,23.83,0.162,0.296,1,1,29.2500518982732,,2,8.135,0.008135,0.055,0.052,15.74,2.24,25,12.696,10.739,19.17,18.779,1.20297631210134,0.54952526885392,-0.602709619306408,-0.353339362038377,2017-04-05T00:00:00Z,2017-05-03T00:00:00Z,,
CAI-3,CAI-1R7R,1,CAI,3,3,1,0,0,G,F,F,27.12,1,25.22,0.428,0.413,1,6,30.3966246803647,,2,10.704,0.010704,,,15.74,2.24,25,12.696,10.739,19.17,18.779,1.20297631210134,0.54952526885392,-0.602709619306408,-0.353339362038377,2017-04-05T00:00:00Z,2017-05-03T00:00:00Z,,
CAI-3,CAI-1R7W,1,CAI,3,3,1,0,0,G,F,F,18.76,1,18.97,0.11,0.129,0,0,,,,,,0.026,0.024,15.74,2.24,25,12.696,10.739,19.17,18.779,1.20297631210134,0.54952526885392,-0.602709619306408,-0.353339362038377,2017-04-05T00:00:00Z,2017-05-03T00:00:00Z,,
CAI-3,CAI-1R7Y,1,CAI,3,,1,0,0,G,M,,17.26,0,,0.087,,,,,,,,,,,15.74,2.24,25,12.696,10.739,19.17,18.779,1.20297631210134,0.54952526885392,-0.602709619306408,-0.353339362038377,2017-04-05T00:00:00Z,2017-05-03T00:00:00Z,,
CAI-3,CAI-1W5B,1,CAI,3,,1,0,0,G,J,,15.02,0,,0.076,,,,,,,,,,,15.74,2.24,25,12.696,10.739,19.17,18.779,1.20297631210134,0.54952526885392,-0.602709619306408,-0.353339362038377,2017-04-05T00:00:00Z,2017-05-03T00:00:00Z,,
CAI-3,CAI-1W5G,1,CAI,3,1,1,0,0,G,J,F,14.15,1,18.79,0.061,0.142,0,0,,,,,,,,15.74,2.24,25,12.696,10.739,19.17,18.779,1.20297631210134,0.54952526885392,-0.602709619306408,-0.353339362038377,2017-04-05T00:00:00Z,2017-05-03T00:00:00Z,,
CAI-3,CAI-1W5O,1,CAI,3,,1,0,0,G,J,,23.63,0,,0.238,,,,,,,,,0.02,0.016,15.74,2.24,25,12.696,10.739,19.17,18.779,1.20297631210134,0.54952526885392,-0.602709619306408,-0.353339362038377,2017-04-05T00:00:00Z,2017-05-03T00:00:00Z,,
CAI-3,CAI-1W5P,1,CAI,3,1,1,0,0,G,J,F,13.8,1,17.42,0.06,0.103,0,0,,,,,,0.022,0.02,15.74,2.24,25,12.696,10.739,19.17,18.779,1.20297631210134,0.54952526885392,-0.602709619306408,-0.353339362038377,2017-04-05T00:00:00Z,2017-05-03T00:00:00Z,,
CAI-3,CAI-1W5R,1,CAI,3,1,1,0,0,G,J,F,28.3,1,28.14,0.447,0.497,1,4,29.1538775836675,,3,7.946,0.007946,,,15.74,2.24,25,12.696,10.739,19.17,18.779,1.20297631210134,0.54952526885392,-0.602709619306408,-0.353339362038377,2017-04-05T00:00:00Z,2017-05-03T00:00:00Z,,
CAI-3,CAI-1W5W,1,CAI,3,1,1,0,0,G,J,F,14.14,1,17.84,0.052,0.131,0,0,,,,,,,,15.74,2.24,25,12.696,10.739,19.17,18.779,1.20297631210134,0.54952526885392,-0.602709619306408,-0.353339362038377,2017-04-05T00:00:00Z,2017-05-03T00:00:00Z,,
CAI-3,CAI-1W5Y,1,CAI,3,1,1,0,0,G,J,F,15.93,1,18.25,0.042,0.125,1,3,26.2728454688198,,1,3.781,0.003781,0.025,0.022,15.74,2.24,25,12.696,10.739,19.17,18.779,1.20297631210134,0.54952526885392,-0.602709619306408,-0.353339362038377,2017-04-05T00:00:00Z,2017-05-03T00:00:00Z,,
CAI-3,CAI-1W7W,1,CAI,3,3,1,0,0,G,F,F,14.31,1,17.81,0.054,0.114,0,0,,,,,,,,15.74,2.24,25,12.696,10.739,19.17,18.779,1.20297631210134,0.54952526885392,-0.602709619306408,-0.353339362038377,2017-04-05T00:00:00Z,2017-05-03T00:00:00Z,,
CAI-3,CAI-2B,1,CAI,3,,1,0,0,G,F,,11.36,0,,0.031,,,,,,,,,,,15.74,2.24,25,12.696,10.739,19.17,18.779,1.20297631210134,0.54952526885392,-0.602709619306408,-0.353339362038377,2017-04-05T00:00:00Z,2017-05-03T00:00:00Z,,
CAI-3,CAI-2B5B,1,CAI,3,,1,0,0,G,F,,29.49,0,,0.586,,,,,,,,,,,15.74,2.24,25,12.696,10.739,19.17,18.779,1.20297631210134,0.54952526885392,-0.602709619306408,-0.353339362038377,2017-04-05T00:00:00Z,2017-05-03T00:00:00Z,,
CAI-3,CAI-2B5G,1,CAI,3,3,1,0,0,G,F,F,21.74,1,22.72,0.216,0.188,1,2,27.1731912399333,,5,4.809,0.004809,0.036,0.034,15.74,2.24,25,12.696,10.739,19.17,18.779,1.20297631210134,0.54952526885392,-0.602709619306408,-0.353339362038377,2017-04-05T00:00:00Z,2017-05-03T00:00:00Z,,
CAI-3,CAI-2B5O,1,CAI,3,3,1,0,0,G,F,F,22.94,1,23.42,0.241,0.287,1,2,29.2786796986032,,6,8.192,0.008192,0.064,0.051,15.74,2.24,25,12.696,10.739,19.17,18.779,1.20297631210134,0.54952526885392,-0.602709619306408,-0.353339362038377,2017-04-05T00:00:00Z,2017-05-03T00:00:00Z,,
CAI-3,CAI-2B5P,1,CAI,3,,1,0,0,G,F,,25.39,0,,0.288,,,,,,,,,,,15.74,2.24,25,12.696,10.739,19.17,18.779,1.20297631210134,0.54952526885392,-0.602709619306408,-0.353339362038377,2017-04-05T00:00:00Z,2017-05-03T00:00:00Z,,
CAI-3,CAI-2B5R,1,CAI,3,3,1,0,0,G,F,F,17.25,1,18.48,0.098,0.132,1,2,23.6429312552218,,0,1.781,0.001781,,,15.74,2.24,25,12.696,10.739,19.17,18.779,1.20297631210134,0.54952526885392,-0.602709619306408,-0.353339362038377,2017-04-05T00:00:00Z,2017-05-03T00:00:00Z,,
CAI-3,CAI-2B5W,1,CAI,3,3,1,0,0,G,F,F,11.47,1,16.74,0.022,0.091,0,0,,,,,,,,15.74,2.24,25,12.696,10.739,19.17,18.779,1.20297631210134,0.54952526885392,-0.602709619306408,-0.353339362038377,2017-04-05T00:00:00Z,2017-05-03T00:00:00Z,,
CAI-3,CAI-2B5Y,1,CAI,3,3,1,0,0,G,F,F,21.08,1,20.94,0.211,0.208,1,4,29.4377413017925,,2,8.515,0.008515,0.041,0.039,15.74,2.24,25,12.696,10.739,19.17,18.779,1.20297631210134,0.54952526885392,-0.602709619306408,-0.353339362038377,2017-04-05T00:00:00Z,2017-05-03T00:00:00Z,,
CAI-3,CAI-2G5B,1,CAI,3,3,1,0,0,G,F,F,23.3,1,23.04,0.246,0.241,1,3,27.1684387754585,,40,4.803,0.004803,,,15.74,2.24,25,12.696,10.739,19.17,18.779,1.20297631210134,0.54952526885392,-0.602709619306408,-0.353339362038377,2017-04-05T00:00:00Z,2017-05-03T00:00:00Z,,
CAI-3,CAI-2G5G,1,CAI,3,,1,0,0,G,M,,17.13,0,,0.108,,,,,,,,,,,15.74,2.24,25,12.696,10.739,19.17,18.779,1.20297631210134,0.54952526885392,-0.602709619306408,-0.353339362038377,2017-04-05T00:00:00Z,2017-05-03T00:00:00Z,,
CAI-3,CAI-2G5P,1,CAI,3,3,1,0,0,G,F,F,16.38,1,17.79,0.078,0.117,0,0,,,,,,,,15.74,2.24,25,12.696,10.739,19.17,18.779,1.20297631210134,0.54952526885392,-0.602709619306408,-0.353339362038377,2017-04-05T00:00:00Z,2017-05-03T00:00:00Z,,
CAI-3,CAI-2G5R,1,CAI,3,3,1,0,0,G,J,J,14.66,1,16.74,0.054,0.108,0,0,,,,,,,,15.74,2.24,25,12.696,10.739,19.17,18.779,1.20297631210134,0.54952526885392,-0.602709619306408,-0.353339362038377,2017-04-05T00:00:00Z,2017-05-03T00:00:00Z,,
CAI-3,CAI-2G5Y,1,CAI,3,3,1,0,0,G,F,F,17.8,1,16.94,0.089,0.101,0,0,,,,,,,,15.74,2.24,25,12.696,10.739,19.17,18.779,1.20297631210134,0.54952526885392,-0.602709619306408,-0.353339362038377,2017-04-05T00:00:00Z,2017-05-03T00:00:00Z,,
CAI-3,CAI-2O5B,1,CAI,3,1,1,0,0,G,J,F,18.79,1,20.02,0.129,0.225,1,3,27.0053806761371,,5,4.601,0.004601,,,15.74,2.24,25,12.696,10.739,19.17,18.779,1.20297631210134,0.54952526885392,-0.602709619306408,-0.353339362038377,2017-04-05T00:00:00Z,2017-05-03T00:00:00Z,,
CAI-3,CAI-2O5G,1,CAI,3,,1,0,0,G,J,,19.77,0,,0.166,,,,,,,,,,,15.74,2.24,25,12.696,10.739,19.17,18.779,1.20297631210134,0.54952526885392,-0.602709619306408,-0.353339362038377,2017-04-05T00:00:00Z,2017-05-03T00:00:00Z,,
CAI-3,CAI-2O5O,1,CAI,3,,1,0,0,G,J,,17.49,0,,0.09,,,,,,,,,,,15.74,2.24,25,12.696,10.739,19.17,18.779,1.20297631210134,0.54952526885392,-0.602709619306408,-0.353339362038377,2017-04-05T00:00:00Z,2017-05-03T00:00:00Z,,
CAI-3,CAI-2O5P,1,CAI,3,1,1,0,0,G,J,M,15.45,1,18.55,0.061,0.124,0,0,,,,,,,,15.74,2.24,25,12.696,10.739,19.17,18.779,1.20297631210134,0.54952526885392,-0.602709619306408,-0.353339362038377,2017-04-05T00:00:00Z,2017-05-03T00:00:00Z,,
CAI-3,CAI-2O5R,1,CAI,3,1,1,0,0,G,J,F,16.4,1,19.82,0.057,0.163,1,2,26.1823293825827,,3.5,3.689,0.003689,0.033,0.03,15.74,2.24,25,12.696,10.739,19.17,18.779,1.20297631210134,0.54952526885392,-0.602709619306408,-0.353339362038377,2017-04-05T00:00:00Z,2017-05-03T00:00:00Z,,
CAI-3,CAI-2O5W,1,CAI,3,,1,0,0,G,J,,16.13,0,,0.071,,,,,,,,,,,15.74,2.24,25,12.696,10.739,19.17,18.779,1.20297631210134,0.54952526885392,-0.602709619306408,-0.353339362038377,2017-04-05T00:00:00Z,2017-05-03T00:00:00Z,,
CAI-3,CAI-2O5Y,1,CAI,3,1,1,0,0,G,J,F,16.51,1,20.24,0.079,0.171,0,0,,,,,,,,15.74,2.24,25,12.696,10.739,19.17,18.779,1.20297631210134,0.54952526885392,-0.602709619306408,-0.353339362038377,2017-04-05T00:00:00Z,2017-05-03T00:00:00Z,,
CAI-3,CAI-2P5B,1,CAI,3,,1,0,0,G,J,,26.19,0,,0.3,,,,,,,,,,,15.74,2.24,25,12.696,10.739,19.17,18.779,1.20297631210134,0.54952526885392,-0.602709619306408,-0.353339362038377,2017-04-05T00:00:00Z,2017-05-03T00:00:00Z,,
CAI-3,CAI-2P5G,1,CAI,3,,1,0,0,G,J,,20.13,0,,0.144,,,,,,,,,,,15.74,2.24,25,12.696,10.739,19.17,18.779,1.20297631210134,0.54952526885392,-0.602709619306408,-0.353339362038377,2017-04-05T00:00:00Z,2017-05-03T00:00:00Z,,
CAI-3,CAI-2P5O,1,CAI,3,,1,0,0,G,J,,26.02,0,,0.39,,,,,,,,,,,15.74,2.24,25,12.696,10.739,19.17,18.779,1.20297631210134,0.54952526885392,-0.602709619306408,-0.353339362038377,2017-04-05T00:00:00Z,2017-05-03T00:00:00Z,,
CAI-3,CAI-2P5P,1,CAI,3,1,1,0,0,G,J,F,19.75,1,20.26,0.216,0.152,1,2,26.2169912166108,,2,3.724,0.003724,,,15.74,2.24,25,12.696,10.739,19.17,18.779,1.20297631210134,0.54952526885392,-0.602709619306408,-0.353339362038377,2017-04-05T00:00:00Z,2017-05-03T00:00:00Z,,
CAI-3,CAI-2P5R,1,CAI,3,1,1,0,0,G,J,F,16.93,1,20.18,0.111,0.199,1,6,29.7016121070509,,2,9.075,0.009075,0.038,0.033,15.74,2.24,25,12.696,10.739,19.17,18.779,1.20297631210134,0.54952526885392,-0.602709619306408,-0.353339362038377,2017-04-05T00:00:00Z,2017-05-03T00:00:00Z,,
CAI-3,CAI-2P5W,1,CAI,3,1,1,0,0,G,J,F,16.61,1,20.36,0.085,0.193,0,0,,,,,,,,15.74,2.24,25,12.696,10.739,19.17,18.779,1.20297631210134,0.54952526885392,-0.602709619306408,-0.353339362038377,2017-04-05T00:00:00Z,2017-05-03T00:00:00Z,,
CAI-3,CAI-2P5Y,1,CAI,3,1,1,0,0,G,J,F,17.67,1,19.36,0.122,0.164,1,2,25.741574987967,,17.5,3.268,0.003268,0.029,0.028,15.74,2.24,25,12.696,10.739,19.17,18.779,1.20297631210134,0.54952526885392,-0.602709619306408,-0.353339362038377,2017-04-05T00:00:00Z,2017-05-03T00:00:00Z,,
CAI-3,CAI-2R,1,CAI,3,,1,0,0,G,F,,10.75,0,,0.021,,,,,,,,,,,15.74,2.24,25,12.696,10.739,19.17,18.779,1.20297631210134,0.54952526885392,-0.602709619306408,-0.353339362038377,2017-04-05T00:00:00Z,2017-05-03T00:00:00Z,,
CAI-3,CAI-2R5B,1,CAI,3,,1,0,0,G,J,,23.4,0,,0.28,,,,,,,,,,,15.74,2.24,25,12.696,10.739,19.17,18.779,1.20297631210134,0.54952526885392,-0.602709619306408,-0.353339362038377,2017-04-05T00:00:00Z,2017-05-03T00:00:00Z,,
CAI-3,CAI-2R5G,1,CAI,3,1,1,0,0,G,J,F,16.13,1,20.04,0.072,0.156,0,0,,,,,,,,15.74,2.24,25,12.696,10.739,19.17,18.779,1.20297631210134,0.54952526885392,-0.602709619306408,-0.353339362038377,2017-04-05T00:00:00Z,2017-05-03T00:00:00Z,,
CAI-3,CAI-2R5O,1,CAI,3,1,1,0,0,G,J,M,14.42,1,16.59,0.063,0.119,0,0,,,,,,,,15.74,2.24,25,12.696,10.739,19.17,18.779,1.20297631210134,0.54952526885392,-0.602709619306408,-0.353339362038377,2017-04-05T00:00:00Z,2017-05-03T00:00:00Z,,
CAI-3,CAI-2R5P,1,CAI,3,1,1,0,0,G,J,F,16.94,1,19.74,0.081,0.161,1,4,26.0541341717931,,2,3.562,0.003562,0.025,0.019,15.74,2.24,25,12.696,10.739,19.17,18.779,1.20297631210134,0.54952526885392,-0.602709619306408,-0.353339362038377,2017-04-05T00:00:00Z,2017-05-03T00:00:00Z,,
CAI-3,CAI-2R5R,1,CAI,3,1,1,0,0,G,J,J,13.14,1,16.46,0.037,0.104,0,0,,,0,,,,,15.74,2.24,25,12.696,10.739,19.17,18.779,1.20297631210134,0.54952526885392,-0.602709619306408,-0.353339362038377,2017-04-05T00:00:00Z,2017-05-03T00:00:00Z,,
CAI-3,CAI-2R5W,1,CAI,3,3,1,0,0,G,J,F,24.21,1,23.19,0.209,0.231,1,4,28.3393620976747,,17.5,6.491,0.006491,0.046,0.043,15.74,2.24,25,12.696,10.739,19.17,18.779,1.20297631210134,0.54952526885392,-0.602709619306408,-0.353339362038377,2017-04-05T00:00:00Z,2017-05-03T00:00:00Z,,
CAI-3,CAI-2R5Y,1,CAI,3,,1,0,0,G,J,,23.13,0,,0.246,,,,,,,,,0.025,0.022,15.74,2.24,25,12.696,10.739,19.17,18.779,1.20297631210134,0.54952526885392,-0.602709619306408,-0.353339362038377,2017-04-05T00:00:00Z,2017-05-03T00:00:00Z,,
CAI-3,CAI-2R7B,1,CAI,3,3,1,0,0,G,J,J,14.94,1,16.22,0.052,0.095,0,0,,,,,,,,15.74,2.24,25,12.696,10.739,19.17,18.779,1.20297631210134,0.54952526885392,-0.602709619306408,-0.353339362038377,2017-04-05T00:00:00Z,2017-05-03T00:00:00Z,,
CAI-3,CAI-2R7G,1,CAI,3,3,1,0,0,G,M,M,18.53,1,18.35,0.129,0.122,0,0,,,,,,,,15.74,2.24,25,12.696,10.739,19.17,18.779,1.20297631210134,0.54952526885392,-0.602709619306408,-0.353339362038377,2017-04-05T00:00:00Z,2017-05-03T00:00:00Z,,
CAI-3,CAI-2R7P,1,CAI,3,,1,0,0,G,M,,18.9,0,,0.117,,,,,,,,,,,15.74,2.24,25,12.696,10.739,19.17,18.779,1.20297631210134,0.54952526885392,-0.602709619306408,-0.353339362038377,2017-04-05T00:00:00Z,2017-05-03T00:00:00Z,,
CAI-3,CAI-2R7R,1,CAI,3,,1,0,0,G,J,,17.47,0,,0.114,,,,,,,,,,,15.74,2.24,25,12.696,10.739,19.17,18.779,1.20297631210134,0.54952526885392,-0.602709619306408,-0.353339362038377,2017-04-05T00:00:00Z,2017-05-03T00:00:00Z,,
CAI-3,CAI-2R7Y,1,CAI,3,3,1,0,0,G,M,M,17.81,1,17.41,0.122,0.122,0,0,,,,,,,,15.74,2.24,25,12.696,10.739,19.17,18.779,1.20297631210134,0.54952526885392,-0.602709619306408,-0.353339362038377,2017-04-05T00:00:00Z,2017-05-03T00:00:00Z,,
CAI-3,CAI-2W2B,1,CAI,3,,1,0,0,G,J,,18.19,0,,0.115,,,,,,,,,,,15.74,2.24,25,12.696,10.739,19.17,18.779,1.20297631210134,0.54952526885392,-0.602709619306408,-0.353339362038377,2017-04-05T00:00:00Z,2017-05-03T00:00:00Z,,
CAI-3,CAI-2W5G,1,CAI,3,1,1,0,0,G,J,F,21.73,1,23.61,0.229,0.268,1,5,29.9644483162822,,17.5,9.664,0.009664,,,15.74,2.24,25,12.696,10.739,19.17,18.779,1.20297631210134,0.54952526885392,-0.602709619306408,-0.353339362038377,2017-04-05T00:00:00Z,2017-05-03T00:00:00Z,,
CAI-3,CAI-2W5O,1,CAI,3,3,1,0,0,G,F,F,27.85,1,27.17,0.378,0.315,0,0,,,,,,0.062,0.058,15.74,2.24,25,12.696,10.739,19.17,18.779,1.20297631210134,0.54952526885392,-0.602709619306408,-0.353339362038377,2017-04-05T00:00:00Z,2017-05-03T00:00:00Z,,
CAI-3,CAI-2W5P,1,CAI,3,,1,0,0,G,F,,27.61,0,,0.426,,,,,0,0,,,,,15.74,2.24,25,12.696,10.739,19.17,18.779,1.20297631210134,0.54952526885392,-0.602709619306408,-0.353339362038377,2017-04-05T00:00:00Z,2017-05-03T00:00:00Z,,
CAI-3,CAI-2W5R,1,CAI,3,1,1,0,0,G,J,F,21.18,1,21.19,0.198,0.221,0,0,,,,,,,,15.74,2.24,25,12.696,10.739,19.17,18.779,1.20297631210134,0.54952526885392,-0.602709619306408,-0.353339362038377,2017-04-05T00:00:00Z,2017-05-03T00:00:00Z,,
CAI-3,CAI-2W5W,1,CAI,3,,1,0,0,G,F,,23.66,0,,0.251,,,,,,,,,,,15.74,2.24,25,12.696,10.739,19.17,18.779,1.20297631210134,0.54952526885392,-0.602709619306408,-0.353339362038377,2017-04-05T00:00:00Z,2017-05-03T00:00:00Z,,
CAI-3,CAI-2W5Y,1,CAI,3,3,1,0,0,G,F,F,25.26,1,23.57,0.277,0.28,1,3,23.3633018050373,,27.5,1.636,0.001636,,,15.74,2.24,25,12.696,10.739,19.17,18.779,1.20297631210134,0.54952526885392,-0.602709619306408,-0.353339362038377,2017-04-05T00:00:00Z,2017-05-03T00:00:00Z,,
CAI-3,CAI-2Y5O,1,CAI,3,,1,0,0,G,J,,15.5,0,,0.087,,,,,,,,,,,15.74,2.24,25,12.696,10.739,19.17,18.779,1.20297631210134,0.54952526885392,-0.602709619306408,-0.353339362038377,2017-04-05T00:00:00Z,2017-05-03T00:00:00Z,,
CAI-3,CAI-2Y5Y,1,CAI,3,,1,0,0,G,J,,18.89,0,,0.15,,,,,,,,,,,15.74,2.24,25,12.696,10.739,19.17,18.779,1.20297631210134,0.54952526885392,-0.602709619306408,-0.353339362038377,2017-04-05T00:00:00Z,2017-05-03T00:00:00Z,,
NAR-1,NAR-1O5O,1,NAR,1,1,0,1,0,G,J,M,13.08,1,17.69,0.052,0.149,0,0,,,,,,,,18.35,3.8,24.8,3.454,12.538,30.776,29.126,-0.804379433460658,0.857939450682036,0.18864431919431,0.216456842285653,2017-04-19T00:00:00Z,2017-05-16T00:00:00Z,,
NAR-1,NAR-1O5V,1,NAR,1,1,0,1,0,G,J,M,12.93,1,17.06,0.051,0.141,0,0,,,,,,,,18.35,3.8,24.8,3.454,12.538,30.776,29.126,-0.804379433460658,0.857939450682036,0.18864431919431,0.216456842285653,2017-04-19T00:00:00Z,2017-05-16T00:00:00Z,,
NAR-1,NAR-1O5Y,1,NAR,1,1,0,1,0,G,J,M,13.47,1,18.05,0.059,0.138,0,0,,,,,,,,18.35,3.8,24.8,3.454,12.538,30.776,29.126,-0.804379433460658,0.857939450682036,0.18864431919431,0.216456842285653,2017-04-19T00:00:00Z,2017-05-16T00:00:00Z,,
NAR-1,NAR-1V7V,1,NAR,1,3,0,1,0,G,M,M,16.49,1,17.72,0.117,0.126,0,0,,,,,,,,18.35,3.8,24.8,3.454,12.538,30.776,29.126,-0.804379433460658,0.857939450682036,0.18864431919431,0.216456842285653,2017-04-19T00:00:00Z,2017-05-16T00:00:00Z,,
NAR-1,NAR-1V7Y,1,NAR,1,,0,1,0,G,M,,17.64,0,,0.12,,,,,,,,,,,18.35,3.8,24.8,3.454,12.538,30.776,29.126,-0.804379433460658,0.857939450682036,0.18864431919431,0.216456842285653,2017-04-19T00:00:00Z,,,
NAR-1,NAR-1Y7V,1,NAR,1,1,0,1,0,G,F,F,29.74,1,31.13,0.85,0.854,1,32,38.1779699240998,,40,54.46,0.05446,,,18.35,3.8,24.8,3.454,12.538,30.776,29.126,-0.804379433460658,0.857939450682036,0.18864431919431,0.216456842285653,2017-04-19T00:00:00Z,2017-05-16T00:00:00Z,,
NAR-1,NAR-2B5B,1,NAR,1,1,0,1,0,G,J,M,13.28,1,17.53,0.056,0.165,0,0,,,,,,,,18.35,3.8,24.8,3.454,12.538,30.776,29.126,-0.804379433460658,0.857939450682036,0.18864431919431,0.216456842285653,2017-04-19T00:00:00Z,2017-05-16T00:00:00Z,,
NAR-1,NAR-2B5B7V,1,NAR,1,1,0,1,0,G,J,J,13.67,1,17.97,0.058,0.13,0,0,,,,,,,,18.35,3.8,24.8,3.454,12.538,30.776,29.126,-0.804379433460658,0.857939450682036,0.18864431919431,0.216456842285653,2017-04-19T00:00:00Z,2017-05-16T00:00:00Z,,
NAR-1,NAR-2B5O,1,NAR,1,1,0,1,0,G,J,M,12.85,1,18.3,0.049,0.15,0,0,,,,,,,,18.35,3.8,24.8,3.454,12.538,30.776,29.126,-0.804379433460658,0.857939450682036,0.18864431919431,0.216456842285653,2017-04-19T00:00:00Z,2017-05-16T00:00:00Z,,
NAR-1,NAR-2B5V,1,NAR,1,,0,1,0,G,M,,16.81,0,,0.111,,,,,,,,,,,18.35,3.8,24.8,3.454,12.538,30.776,29.126,-0.804379433460658,0.857939450682036,0.18864431919431,0.216456842285653,2017-04-19T00:00:00Z,,,
NAR-1,NAR-2B5Y,1,NAR,1,1,0,1,0,G,J,J,12.4,1,18.51,0.046,0.154,0,0,,,,,,,,18.35,3.8,24.8,3.454,12.538,30.776,29.126,-0.804379433460658,0.857939450682036,0.18864431919431,0.216456842285653,2017-04-19T00:00:00Z,2017-05-16T00:00:00Z,,
NAR-1,NAR-2O5O,1,NAR,1,,0,1,0,G,M,,17.72,0,,0.134,,,,,,,,,,,18.35,3.8,24.8,3.454,12.538,30.776,29.126,-0.804379433460658,0.857939450682036,0.18864431919431,0.216456842285653,2017-04-19T00:00:00Z,,,
NAR-1,NAR-2O5V,1,NAR,1,,0,1,0,G,M,,16.28,0,,0.095,,,,,,,,,,,18.35,3.8,24.8,3.454,12.538,30.776,29.126,-0.804379433460658,0.857939450682036,0.18864431919431,0.216456842285653,2017-04-19T00:00:00Z,,,
NAR-1,NAR-2O5Y,1,NAR,1,1,0,1,0,G,F,F,28.99,1,30.57,0.702,0.749,1,19,37.2202362608886,,12.5,45.428,0.045428,0.186,0.129,18.35,3.8,24.8,3.454,12.538,30.776,29.126,-0.804379433460658,0.857939450682036,0.18864431919431,0.216456842285653,2017-04-19T00:00:00Z,2017-05-16T00:00:00Z,,
NAR-1,NAR-2V5B,1,NAR,1,1,0,1,0,G,J,J,12.66,1,17.59,0.045,0.123,0,0,,,,,,,,18.35,3.8,24.8,3.454,12.538,30.776,29.126,-0.804379433460658,0.857939450682036,0.18864431919431,0.216456842285653,2017-04-19T00:00:00Z,2017-05-16T00:00:00Z,,
NAR-1,NAR-2V5O,1,NAR,1,1,0,1,0,G,M,M,15.71,1,16.92,0.094,0.122,0,0,,,,,,,,18.35,3.8,24.8,3.454,12.538,30.776,29.126,-0.804379433460658,0.857939450682036,0.18864431919431,0.216456842285653,2017-04-19T00:00:00Z,2017-05-16T00:00:00Z,,
NAR-1,NAR-2V5V,1,NAR,1,1,0,1,0,G,F,F,13.62,1,19.91,0.058,0.168,1,2,23.473730755695,,0,1.692,0.001692,0.041,0.029,18.35,3.8,24.8,3.454,12.538,30.776,29.126,-0.804379433460658,0.857939450682036,0.18864431919431,0.216456842285653,2017-04-19T00:00:00Z,2017-05-16T00:00:00Z,,
NAR-1,NAR-2V5Y,1,NAR,1,1,0,1,0,G,F,F,12.92,1,19.28,0.052,0.179,1,7,28.847028416995,,2,7.368,0.007368,0.042,0.029,18.35,3.8,24.8,3.454,12.538,30.776,29.126,-0.804379433460658,0.857939450682036,0.18864431919431,0.216456842285653,2017-04-19T00:00:00Z,2017-05-16T00:00:00Z,,
NAR-1,NAR-2Y5O,1,NAR,1,1,0,1,0,G,F,F,19.21,1,23.47,0.162,0.325,1,6,29.1193114274812,1.642,22.5,7.879,0.007879,0.084,0.053,18.35,3.8,24.8,3.454,12.538,30.776,29.126,-0.804379433460658,0.857939450682036,0.18864431919431,0.216456842285653,2017-04-19T00:00:00Z,2017-05-16T00:00:00Z,,
NAR-1,NAR-2Y5V,1,NAR,1,1,0,1,0,G,F,F,19.58,1,24.12,0.173,0.342,1,9,31.5340383601135,,28.89,13.913,0.013913,0.087,0.055,18.35,3.8,24.8,3.454,12.538,30.776,29.126,-0.804379433460658,0.857939450682036,0.18864431919431,0.216456842285653,2017-04-19T00:00:00Z,2017-05-16T00:00:00Z,,
NAR-1,NAR-2Y5Y,1,NAR,1,1,0,1,0,G,F,F,18.42,1,23.84,0.146,0.338,1,9,30.8980690413484,1.338,35,12.03,0.01203,0.084,0.053,18.35,3.8,24.8,3.454,12.538,30.776,29.126,-0.804379433460658,0.857939450682036,0.18864431919431,0.216456842285653,2017-04-19T00:00:00Z,2017-05-16T00:00:00Z,,
NAR-1,NAR-5B,1,NAR,1,1,0,1,0,G,J,F,11.25,1,17.62,0.033,0.123,0,0,,,,,,,,18.35,3.8,24.8,3.454,12.538,30.776,29.126,-0.804379433460658,0.857939450682036,0.18864431919431,0.216456842285653,2017-04-19T00:00:00Z,2017-05-16T00:00:00Z,,
NAR-1,NAR-5V,1,NAR,1,1,0,1,0,G,J,J,10.75,1,17.02,0.027,0.115,0,0,,,,,,,,18.35,3.8,24.8,3.454,12.538,30.776,29.126,-0.804379433460658,0.857939450682036,0.18864431919431,0.216456842285653,2017-04-19T00:00:00Z,2017-05-16T00:00:00Z,,
NAR-1,NAR-7B,1,NAR,1,1,0,1,0,G,J,J,11.3,1,16.54,0.031,0.106,0,0,,,,,,,,18.35,3.8,24.8,3.454,12.538,30.776,29.126,-0.804379433460658,0.857939450682036,0.18864431919431,0.216456842285653,2017-04-19T00:00:00Z,2017-05-16T00:00:00Z,,
NAR-1,NAR-7V,1,NAR,1,,0,1,0,G,F,,11.86,0,,0.038,,,,,,,,,,,18.35,3.8,24.8,3.454,12.538,30.776,29.126,-0.804379433460658,0.857939450682036,0.18864431919431,0.216456842285653,2017-04-19T00:00:00Z,,,
NAR-3,NAR-1B,1,NAR,3,3,1,0,0,G,J,J,10.16,1,13.64,0.023,0.056,0,0,,,,,,,,5.58,0.84,35.4,8.85099999999999,9.479,23.292,19.833,0.367845080583715,0.33351533605602,-0.321651465377409,-0.295296915014358,2017-04-19T00:00:00Z,2017-05-16T00:00:00Z,,
NAR-3,NAR-1B2B,1,NAR,3,,1,0,0,G,M,,15.39,0,,0.091,,,,,,,,,,,5.58,0.84,35.4,8.85099999999999,9.479,23.292,19.833,0.367845080583715,0.33351533605602,-0.321651465377409,-0.295296915014358,2017-04-19T00:00:00Z,,,
NAR-3,NAR-1B2O,1,NAR,3,3,1,0,0,G,M,M,16.07,1,16.62,0.099,0.106,0,0,,,,,,,,5.58,0.84,35.4,8.85099999999999,9.479,23.292,19.833,0.367845080583715,0.33351533605602,-0.321651465377409,-0.295296915014358,2017-04-19T00:00:00Z,2017-05-16T00:00:00Z,,
NAR-3,NAR-1B2R,1,NAR,3,,1,0,0,G,M,,16.88,0,,0.125,,,,,,,,,,,5.58,0.84,35.4,8.85099999999999,9.479,23.292,19.833,0.367845080583715,0.33351533605602,-0.321651465377409,-0.295296915014358,2017-04-19T00:00:00Z,,,
NAR-3,NAR-1B2V,1,NAR,3,,1,0,0,G,M,,17.16,0,,0.118,,,,,,,,,,,5.58,0.84,35.4,8.85099999999999,9.479,23.292,19.833,0.367845080583715,0.33351533605602,-0.321651465377409,-0.295296915014358,2017-04-19T00:00:00Z,,,
NAR-3,NAR-1B2Y,1,NAR,3,,1,0,0,G,M,,17.54,0,,0.135,,,,,,,,,,,5.58,0.84,35.4,8.85099999999999,9.479,23.292,19.833,0.367845080583715,0.33351533605602,-0.321651465377409,-0.295296915014358,2017-04-19T00:00:00Z,,,
NAR-3,NAR-1B5B,1,NAR,3,,1,0,0,G,M,,17.02,0,,0.137,,,,,,,,,,,5.58,0.84,35.4,8.85099999999999,9.479,23.292,19.833,0.367845080583715,0.33351533605602,-0.321651465377409,-0.295296915014358,2017-04-19T00:00:00Z,,,
NAR-3,NAR-1B5O,1,NAR,3,,1,0,0,G,M,,15.85,0,,0.101,,,,,,,,,,,5.58,0.84,35.4,8.85099999999999,9.479,23.292,19.833,0.367845080583715,0.33351533605602,-0.321651465377409,-0.295296915014358,2017-04-19T00:00:00Z,,,
NAR-3,NAR-1B5R,1,NAR,3,,1,0,0,G,M,,17.05,0,,0.121,,,,,,,,,,,5.58,0.84,35.4,8.85099999999999,9.479,23.292,19.833,0.367845080583715,0.33351533605602,-0.321651465377409,-0.295296915014358,2017-04-19T00:00:00Z,,,
NAR-3,NAR-1B5V,1,NAR,3,2,1,0,0,G,M,M,16.56,1,17.19,0.113,0.133,0,0,,,,,,,,5.58,0.84,35.4,8.85099999999999,9.479,23.292,19.833,0.367845080583715,0.33351533605602,-0.321651465377409,-0.295296915014358,2017-04-19T00:00:00Z,2017-05-16T00:00:00Z,,
NAR-3,NAR-1B5Y,1,NAR,3,,1,0,0,G,J,,13.21,0,,0.054,,,,,,,,,,,5.58,0.84,35.4,8.85099999999999,9.479,23.292,19.833,0.367845080583715,0.33351533605602,-0.321651465377409,-0.295296915014358,2017-04-19T00:00:00Z,,,
NAR-3,NAR-1O2B,1,NAR,3,,1,0,0,G,J,,15.66,0,,0.104,,,,,,,,,,,5.58,0.84,35.4,8.85099999999999,9.479,23.292,19.833,0.367845080583715,0.33351533605602,-0.321651465377409,-0.295296915014358,2017-04-19T00:00:00Z,,,
NAR-3,NAR-1O2O,1,NAR,3,2,1,0,0,G,F,F,23.75,1,25.06,0.389,0.409,0,0,,,,,,,,5.58,0.84,35.4,8.85099999999999,9.479,23.292,19.833,0.367845080583715,0.33351533605602,-0.321651465377409,-0.295296915014358,2017-04-19T00:00:00Z,2017-05-16T00:00:00Z,,
NAR-3,NAR-1O2R,1,NAR,3,,1,0,0,G,M,,15.87,0,,0.099,,,,,,,,,,,5.58,0.84,35.4,8.85099999999999,9.479,23.292,19.833,0.367845080583715,0.33351533605602,-0.321651465377409,-0.295296915014358,2017-04-19T00:00:00Z,,,
NAR-3,NAR-1O2V,1,NAR,3,3,1,0,0,G,F,F,15.86,1,19.46,0.092,0.147,1,3,21.6051905443881,,0,0.936,0.000936,0.039,0.027,5.58,0.84,35.4,8.85099999999999,9.479,23.292,19.833,0.367845080583715,0.33351533605602,-0.321651465377409,-0.295296915014358,2017-04-19T00:00:00Z,2017-05-16T00:00:00Z,,
NAR-3,NAR-1O2Y,1,NAR,3,2,1,0,0,G,F,F,22.41,1,24.07,0.305,0.309,0,0,,,,,,,,5.58,0.84,35.4,8.85099999999999,9.479,23.292,19.833,0.367845080583715,0.33351533605602,-0.321651465377409,-0.295296915014358,2017-04-19T00:00:00Z,2017-05-16T00:00:00Z,,
NAR-3,NAR-1O5B,1,NAR,3,3,1,0,0,G,F,F,24.46,1,26.85,0.401,0.412,1,10,32.5664986343647,,15,17.51,0.01751,0.088,0.066,5.58,0.84,35.4,8.85099999999999,9.479,23.292,19.833,0.367845080583715,0.33351533605602,-0.321651465377409,-0.295296915014358,2017-04-19T00:00:00Z,2017-05-16T00:00:00Z,,
NAR-3,NAR-1R,1,NAR,3,,1,0,0,G,J,,10.51,0,,0.025,,,,,,,,,,,5.58,0.84,35.4,8.85099999999999,9.479,23.292,19.833,0.367845080583715,0.33351533605602,-0.321651465377409,-0.295296915014358,2017-04-19T00:00:00Z,,,
NAR-3,NAR-1R2B,1,NAR,3,3,1,0,0,G,J,J,13.38,1,16.48,0.053,0.095,0,0,,,,,,,,5.58,0.84,35.4,8.85099999999999,9.479,23.292,19.833,0.367845080583715,0.33351533605602,-0.321651465377409,-0.295296915014358,2017-04-19T00:00:00Z,2017-05-16T00:00:00Z,,
NAR-3,NAR-1R2O,1,NAR,3,,1,0,0,G,F,,15.65,0,,0.101,,,,,,,,,,,5.58,0.84,35.4,8.85099999999999,9.479,23.292,19.833,0.367845080583715,0.33351533605602,-0.321651465377409,-0.295296915014358,2017-04-19T00:00:00Z,,,
NAR-3,NAR-1R2R,1,NAR,3,3,1,0,0,G,F,F,21.84,1,23.43,0.319,0.274,1,10,32.8409780832349,,20.5,18.591,0.018591,0.051,0.041,5.58,0.84,35.4,8.85099999999999,9.479,23.292,19.833,0.367845080583715,0.33351533605602,-0.321651465377409,-0.295296915014358,2017-04-19T00:00:00Z,2017-05-16T00:00:00Z,,
NAR-3,NAR-1R2V,1,NAR,3,,1,0,0,G,M,,17.54,0,,0.151,,,,,,,,,,,5.58,0.84,35.4,8.85099999999999,9.479,23.292,19.833,0.367845080583715,0.33351533605602,-0.321651465377409,-0.295296915014358,2017-04-19T00:00:00Z,,,
NAR-3,NAR-1R2Y,1,NAR,3,2,1,0,0,G,F,F,16.01,1,18.19,0.104,0.142,0,0,,,,,,,,5.58,0.84,35.4,8.85099999999999,9.479,23.292,19.833,0.367845080583715,0.33351533605602,-0.321651465377409,-0.295296915014358,2017-04-19T00:00:00Z,2017-05-16T00:00:00Z,,
NAR-3,NAR-1R5B,1,NAR,3,2,1,0,0,G,F,F,16.99,1,18.79,0.116,0.16,0,0,,,,,,,,5.58,0.84,35.4,8.85099999999999,9.479,23.292,19.833,0.367845080583715,0.33351533605602,-0.321651465377409,-0.295296915014358,2017-04-19T00:00:00Z,2017-05-16T00:00:00Z,,
NAR-3,NAR-1R5O,1,NAR,3,,1,0,0,G,M,,16.61,0,,0.116,,,,,,,,,,,5.58,0.84,35.4,8.85099999999999,9.479,23.292,19.833,0.367845080583715,0.33351533605602,-0.321651465377409,-0.295296915014358,2017-04-19T00:00:00Z,,,
NAR-3,NAR-1R5R,1,NAR,3,,1,0,0,G,M,,16.17,0,,0.105,,,,,,,,,,,5.58,0.84,35.4,8.85099999999999,9.479,23.292,19.833,0.367845080583715,0.33351533605602,-0.321651465377409,-0.295296915014358,2017-04-19T00:00:00Z,,,
NAR-3,NAR-1R5V,1,NAR,3,2,1,0,0,G,F,F,23.69,1,24.69,0.401,0.422,0,0,,,,,,,,5.58,0.84,35.4,8.85099999999999,9.479,23.292,19.833,0.367845080583715,0.33351533605602,-0.321651465377409,-0.295296915014358,2017-04-19T00:00:00Z,2017-05-16T00:00:00Z,,
NAR-3,NAR-1R5Y,1,NAR,3,,1,0,0,G,F,,23.3,0,,0.335,,,,,,,,,,,5.58,0.84,35.4,8.85099999999999,9.479,23.292,19.833,0.367845080583715,0.33351533605602,-0.321651465377409,-0.295296915014358,2017-04-19T00:00:00Z,,,
NAR-3,NAR-1V,1,NAR,3,3,1,0,0,G,J,J,11.8,1,15.05,0.037,0.077,0,0,,,,,,,,5.58,0.84,35.4,8.85099999999999,9.479,23.292,19.833,0.367845080583715,0.33351533605602,-0.321651465377409,-0.295296915014358,2017-04-19T00:00:00Z,2017-05-16T00:00:00Z,,
NAR-3,NAR-1V2B,1,NAR,3,,1,0,0,G,M,,18.69,0,,0.164,,,,,,,,,,,5.58,0.84,35.4,8.85099999999999,9.479,23.292,19.833,0.367845080583715,0.33351533605602,-0.321651465377409,-0.295296915014358,2017-04-19T00:00:00Z,,,
NAR-3,NAR-1V2O,1,NAR,3,,1,0,0,G,F,,20.28,0,,0.234,,,,,,,,,,,5.58,0.84,35.4,8.85099999999999,9.479,23.292,19.833,0.367845080583715,0.33351533605602,-0.321651465377409,-0.295296915014358,2017-04-19T00:00:00Z,,,
NAR-3,NAR-1V2R,1,NAR,3,2,1,0,0,G,F,F,23.48,1,24.83,0.367,0.452,0,0,,,,,,,,5.58,0.84,35.4,8.85099999999999,9.479,23.292,19.833,0.367845080583715,0.33351533605602,-0.321651465377409,-0.295296915014358,2017-04-19T00:00:00Z,2017-05-16T00:00:00Z,,
NAR-3,NAR-1V2V,1,NAR,3,2,1,0,0,G,F,F,23.96,1,26.3,0.372,0.441,0,0,,,,,,,,5.58,0.84,35.4,8.85099999999999,9.479,23.292,19.833,0.367845080583715,0.33351533605602,-0.321651465377409,-0.295296915014358,2017-04-19T00:00:00Z,2017-05-16T00:00:00Z,,
NAR-3,NAR-1V2Y,1,NAR,3,2,1,0,0,G,F,F,20.06,1,22.11,0.216,0.243,0,0,,,,,,,,5.58,0.84,35.4,8.85099999999999,9.479,23.292,19.833,0.367845080583715,0.33351533605602,-0.321651465377409,-0.295296915014358,2017-04-19T00:00:00Z,2017-05-16T00:00:00Z,,
NAR-3,NAR-1V5B,1,NAR,3,,1,0,0,G,M,,17.67,0,,0.135,,,,,,,,,,,5.58,0.84,35.4,8.85099999999999,9.479,23.292,19.833,0.367845080583715,0.33351533605602,-0.321651465377409,-0.295296915014358,2017-04-19T00:00:00Z,,,
NAR-3,NAR-1V5O,1,NAR,3,2,1,0,0,G,F,F,24.13,1,25.24,0.334,0.334,0,0,,,,,,,,5.58,0.84,35.4,8.85099999999999,9.479,23.292,19.833,0.367845080583715,0.33351533605602,-0.321651465377409,-0.295296915014358,2017-04-19T00:00:00Z,2017-05-16T00:00:00Z,,
NAR-3,NAR-1V5R,1,NAR,3,,1,0,0,G,M,,16.68,0,,0.11,,,,,,,,,,,5.58,0.84,35.4,8.85099999999999,9.479,23.292,19.833,0.367845080583715,0.33351533605602,-0.321651465377409,-0.295296915014358,2017-04-19T00:00:00Z,,,
NAR-3,NAR-1V5V,1,NAR,3,2,1,0,0,G,F,F,22.61,1,23.07,0.31,0.314,0,0,,,,,,,,5.58,0.84,35.4,8.85099999999999,9.479,23.292,19.833,0.367845080583715,0.33351533605602,-0.321651465377409,-0.295296915014358,2017-04-19T00:00:00Z,2017-05-16T00:00:00Z,,
NAR-3,NAR-1V5Y,1,NAR,3,1,1,0,0,G,M,M,17.66,1,17.94,0.125,0.124,0,0,,,,,,,,5.58,0.84,35.4,8.85099999999999,9.479,23.292,19.833,0.367845080583715,0.33351533605602,-0.321651465377409,-0.295296915014358,2017-04-19T00:00:00Z,2017-05-16T00:00:00Z,,
NAR-3,NAR-1Y2B,1,NAR,3,1,1,0,0,G,M,M,17.33,1,18.27,0.126,0.132,0,0,,,,,,,,5.58,0.84,35.4,8.85099999999999,9.479,23.292,19.833,0.367845080583715,0.33351533605602,-0.321651465377409,-0.295296915014358,2017-04-19T00:00:00Z,2017-05-16T00:00:00Z,,
NAR-3,NAR-1Y2O,1,NAR,3,,1,0,0,G,M,,16.77,0,,0.128,,,,,,,,,,,5.58,0.84,35.4,8.85099999999999,9.479,23.292,19.833,0.367845080583715,0.33351533605602,-0.321651465377409,-0.295296915014358,2017-04-19T00:00:00Z,,,
NAR-3,NAR-1Y2R,1,NAR,3,1,1,0,0,G,F,F,21.88,1,22.69,0.218,0.316,1,5,29.0024126377276,1.639,40,7.656,0.007656,0.071,0.049,5.58,0.84,35.4,8.85099999999999,9.479,23.292,19.833,0.367845080583715,0.33351533605602,-0.321651465377409,-0.295296915014358,2017-04-19T00:00:00Z,2017-05-16T00:00:00Z,,
NAR-3,NAR-1Y2V,1,NAR,3,,1,0,0,G,F,,21.79,0,,0.291,,,,,,,,,,,5.58,0.84,35.4,8.85099999999999,9.479,23.292,19.833,0.367845080583715,0.33351533605602,-0.321651465377409,-0.295296915014358,2017-04-19T00:00:00Z,,,
NAR-3,NAR-1Y2Y,1,NAR,3,2,1,0,0,G,F,F,22.67,1,23.47,0.313,0.317,0,0,,,,,,,,5.58,0.84,35.4,8.85099999999999,9.479,23.292,19.833,0.367845080583715,0.33351533605602,-0.321651465377409,-0.295296915014358,2017-04-19T00:00:00Z,2017-05-16T00:00:00Z,,
NAR-3,NAR-1Y5B,1,NAR,3,3,1,0,0,G,F,F,12.27,1,16.36,0.048,0.097,0,0,,,,,,0.023,0.017,5.58,0.84,35.4,8.85099999999999,9.479,23.292,19.833,0.367845080583715,0.33351533605602,-0.321651465377409,-0.295296915014358,2017-04-19T00:00:00Z,2017-05-16T00:00:00Z,,
NAR-3,NAR-1Y5O,1,NAR,3,3,1,0,0,G,F,F,20.68,1,23.14,0.235,0.282,1,6,30.8883438621259,1.547,27.5,12.003,0.012003,0.066,0.045,5.58,0.84,35.4,8.85099999999999,9.479,23.292,19.833,0.367845080583715,0.33351533605602,-0.321651465377409,-0.295296915014358,2017-04-19T00:00:00Z,2017-05-16T00:00:00Z,,
NAR-3,NAR-1Y5V,1,NAR,3,,1,0,0,G,M,,17.2,0,,0.133,,,,,,40,,,0.172,0.119,5.58,0.84,35.4,8.85099999999999,9.479,23.292,19.833,0.367845080583715,0.33351533605602,-0.321651465377409,-0.295296915014358,2017-04-19T00:00:00Z,,,
NAR-3,NAR-1Y5Y,1,NAR,3,,1,0,0,G,M,,18.64,0,,0.156,,,,,,,,,,,5.58,0.84,35.4,8.85099999999999,9.479,23.292,19.833,0.367845080583715,0.33351533605602,-0.321651465377409,-0.295296915014358,2017-04-19T00:00:00Z,,,
NAR-3,NAR-2B,1,NAR,3,,1,0,0,G,J,,10.48,0,,0.025,,,,,,,,,,,5.58,0.84,35.4,8.85099999999999,9.479,23.292,19.833,0.367845080583715,0.33351533605602,-0.321651465377409,-0.295296915014358,2017-04-19T00:00:00Z,,,
NAR-3,NAR-2R,1,NAR,3,3,1,0,0,G,J,J,11.43,1,14.9,0.033,0.07,0,0,,,,,,0.016,0.013,5.58,0.84,35.4,8.85099999999999,9.479,23.292,19.833,0.367845080583715,0.33351533605602,-0.321651465377409,-0.295296915014358,2017-04-19T00:00:00Z,2017-05-16T00:00:00Z,,
NAR-3,NAR-2V,1,NAR,3,,1,0,0,G,J,,11.78,0,,0.036,,,,,,,,,,,5.58,0.84,35.4,8.85099999999999,9.479,23.292,19.833,0.367845080583715,0.33351533605602,-0.321651465377409,-0.295296915014358,2017-04-19T00:00:00Z,,,
QUA-1,QUA-1K5B,1,QUA,1,1,1,0,0,G,F,F,21.81,1,21.92,0.244,0.232,1,5,28.922662742668,,12.9,7.507,0.007507,0.043,0.04,12.61,2.51,26.1,4.906,6.623,43.65,55.135,-0.489006078931765,-0.156107178285891,1.06645670970424,1.64873957914307,2017-04-11T00:00:00Z,2017-05-10T00:00:00Z,,
QUA-1,QUA-1K5G,1,QUA,1,1,1,0,0,G,F,F,22.28,1,22.52,0.281,0.262,1,3,28.0411914726781,2.22,20.83,6.019,0.006019,0.053,0.049,12.61,2.51,26.1,4.906,6.623,43.65,55.135,-0.489006078931765,-0.156107178285891,1.06645670970424,1.64873957914307,2017-04-11T00:00:00Z,2017-05-10T00:00:00Z,,
QUA-1,QUA-1K5K,1,QUA,1,1,1,0,0,G,F,F,17.35,1,18.58,0.118,0.137,0,0,,,,,,,,12.61,2.51,26.1,4.906,6.623,43.65,55.135,-0.489006078931765,-0.156107178285891,1.06645670970424,1.64873957914307,2017-04-11T00:00:00Z,2017-05-10T00:00:00Z,,
QUA-1,QUA-1K5O,1,QUA,1,1,1,0,0,G,F,F,14.72,1,15.65,0.067,0.085,1,1,23.4717865562355,,5,1.691,0.001691,0.019,0.016,12.61,2.51,26.1,4.906,6.623,43.65,55.135,-0.489006078931765,-0.156107178285891,1.06645670970424,1.64873957914307,2017-04-11T00:00:00Z,2017-05-10T00:00:00Z,,
QUA-1,QUA-1K5V,1,QUA,1,1,1,0,0,G,F,F,19.81,1,19.92,0.172,0.162,1,1,23.6111826797196,,0,1.764,0.001764,0.036,0.033,12.61,2.51,26.1,4.906,6.623,43.65,55.135,-0.489006078931765,-0.156107178285891,1.06645670970424,1.64873957914307,2017-04-11T00:00:00Z,2017-05-10T00:00:00Z,,
QUA-1,QUA-1O5B,1,QUA,1,1,1,0,0,G,F,F,17.51,1,17.92,0.131,0.128,1,2,24.6792036409865,,50,2.419,0.002419,0.028,0.026,12.61,2.51,26.1,4.906,6.623,43.65,55.135,-0.489006078931765,-0.156107178285891,1.06645670970424,1.64873957914307,2017-04-11T00:00:00Z,2017-05-10T00:00:00Z,,
QUA-1,QUA-1O5G,1,QUA,1,1,1,0,0,G,F,F,20.25,1,20.43,0.201,0.197,1,3,27.4165608768334,,7.333333333,5.125,0.005125,0.041,0.039,12.61,2.51,26.1,4.906,6.623,43.65,55.135,-0.489006078931765,-0.156107178285891,1.06645670970424,1.64873957914307,2017-04-11T00:00:00Z,2017-05-10T00:00:00Z,,
QUA-1,QUA-1O5K,1,QUA,1,1,1,0,0,G,F,F,17.85,1,17.94,0.138,0.15,1,2,27.0552592677987,,2,4.662,0.004662,0.031,0.029,12.61,2.51,26.1,4.906,6.623,43.65,55.135,-0.489006078931765,-0.156107178285891,1.06645670970424,1.64873957914307,2017-04-11T00:00:00Z,2017-05-10T00:00:00Z,,
QUA-1,QUA-1O5O,1,QUA,1,1,1,0,0,G,F,F,19.33,1,19.77,0.189,0.196,1,3,27.8376360579284,3.279,24.17,5.714,0.005714,0.041,0.036,12.61,2.51,26.1,4.906,6.623,43.65,55.135,-0.489006078931765,-0.156107178285891,1.06645670970424,1.64873957914307,2017-04-11T00:00:00Z,2017-05-10T00:00:00Z,,
QUA-1,QUA-1O5R,1,QUA,1,1,1,0,0,G,F,F,17.52,1,17.74,0.119,0.122,1,1,24.2717775520933,,2,2.148,0.002148,0.026,0.023,12.61,2.51,26.1,4.906,6.623,43.65,55.135,-0.489006078931765,-0.156107178285891,1.06645670970424,1.64873957914307,2017-04-11T00:00:00Z,2017-05-10T00:00:00Z,,
QUA-1,QUA-1O5V,1,QUA,1,1,1,0,0,G,F,F,16.49,1,17.82,0.106,0.13,1,2,25.5910206695784,,28.5,3.134,0.003134,0.028,0.024,12.61,2.51,26.1,4.906,6.623,43.65,55.135,-0.489006078931765,-0.156107178285891,1.06645670970424,1.64873957914307,2017-04-11T00:00:00Z,2017-05-10T00:00:00Z,,
QUA-1,QUA-1S2B,1,QUA,1,1,1,0,0,G,F,F,14.23,1,16.49,0.066,0.095,1,2,21.4021588526582,,0,0.875,0.000875,0.024,0.02,12.61,2.51,26.1,4.906,6.623,43.65,55.135,-0.489006078931765,-0.156107178285891,1.06645670970424,1.64873957914307,2017-04-11T00:00:00Z,2017-05-10T00:00:00Z,,
QUA-1,QUA-1S2G,1,QUA,1,1,1,0,0,G,F,F,18.85,1,18.99,0.162,0.165,1,2,26.7827308241126,3.135,7.5,4.337,0.004337,0.034,0.032,12.61,2.51,26.1,4.906,6.623,43.65,55.135,-0.489006078931765,-0.156107178285891,1.06645670970424,1.64873957914307,2017-04-11T00:00:00Z,2017-05-10T00:00:00Z,,
QUA-1,QUA-1S2K,1,QUA,1,1,1,0,0,G,F,F,16.65,1,16.74,0.119,0.107,0,0,,,,,,,,12.61,2.51,26.1,4.906,6.623,43.65,55.135,-0.489006078931765,-0.156107178285891,1.06645670970424,1.64873957914307,2017-04-11T00:00:00Z,2017-05-10T00:00:00Z,,
QUA-1,QUA-1S2O,1,QUA,1,,1,0,0,G,F,,15.56,0,,0.093,,,,,,,,,,,12.61,2.51,26.1,4.906,6.623,43.65,55.135,-0.489006078931765,-0.156107178285891,1.06645670970424,1.64873957914307,2017-04-11T00:00:00Z,,,
QUA-1,QUA-1S2S,1,QUA,1,1,1,0,0,G,F,F,20.7,1,21.03,0.189,0.193,1,2,26.8777271747163,2.148,4.75,4.448,0.004448,0.039,0.037,12.61,2.51,26.1,4.906,6.623,43.65,55.135,-0.489006078931765,-0.156107178285891,1.06645670970424,1.64873957914307,2017-04-11T00:00:00Z,2017-05-10T00:00:00Z,,
QUA-1,QUA-1S2V,1,QUA,1,1,1,0,0,G,F,F,19.87,1,19.98,0.182,0.19,1,2,25.8289456110427,,3.5,3.348,0.003348,0.04,0.035,12.61,2.51,26.1,4.906,6.623,43.65,55.135,-0.489006078931765,-0.156107178285891,1.06645670970424,1.64873957914307,2017-04-11T00:00:00Z,2017-05-10T00:00:00Z,,
QUA-1,QUA-1V5B,1,QUA,1,1,1,0,0,G,F,F,17.06,1,17.96,0.117,0.142,1,1,23.7637716284757,7.441,47.5,1.847,0.001847,0.028,0.026,12.61,2.51,26.1,4.906,6.623,43.65,55.135,-0.489006078931765,-0.156107178285891,1.06645670970424,1.64873957914307,2017-04-11T00:00:00Z,2017-05-10T00:00:00Z,,
QUA-1,QUA-1V5G,1,QUA,1,1,1,0,0,G,F,F,17.79,1,18.54,0.136,0.147,1,2,25.6893833627532,,1,3.221,0.003221,0.03,0.027,12.61,2.51,26.1,4.906,6.623,43.65,55.135,-0.489006078931765,-0.156107178285891,1.06645670970424,1.64873957914307,2017-04-11T00:00:00Z,2017-05-10T00:00:00Z,,
QUA-1,QUA-1V5K,1,QUA,1,,1,0,0,G,F,,14.28,0,,0.065,,,,,,,,,,,12.61,2.51,26.1,4.906,6.623,43.65,55.135,-0.489006078931765,-0.156107178285891,1.06645670970424,1.64873957914307,2017-04-11T00:00:00Z,,,
QUA-1,QUA-1V5O,1,QUA,1,1,1,0,0,G,F,F,18.59,1,19.12,0.163,0.167,1,3,27.0012670979599,2.156,26.67,4.596,0.004596,0.033,0.03,12.61,2.51,26.1,4.906,6.623,43.65,55.135,-0.489006078931765,-0.156107178285891,1.06645670970424,1.64873957914307,2017-04-11T00:00:00Z,2017-05-10T00:00:00Z,,
QUA-1,QUA-1V5R,1,QUA,1,1,1,0,0,G,F,F,18.09,1,18.21,0.131,0.131,1,1,23.7457036180658,7.428,17.5,1.837,0.001837,0.029,0.026,12.61,2.51,26.1,4.906,6.623,43.65,55.135,-0.489006078931765,-0.156107178285891,1.06645670970424,1.64873957914307,2017-04-11T00:00:00Z,2017-05-10T00:00:00Z,,
QUA-1,QUA-1V5V,1,QUA,1,1,1,0,0,G,F,F,13.89,1,15.38,0.06,0.089,0,0,,,,,,,,12.61,2.51,26.1,4.906,6.623,43.65,55.135,-0.489006078931765,-0.156107178285891,1.06645670970424,1.64873957914307,2017-04-11T00:00:00Z,2017-05-10T00:00:00Z,,
QUA-1,QUA-2B5B,1,QUA,1,1,1,0,0,G,J,F,12.98,1,15.07,0.048,0.075,0,0,,,,,,0.019,0.016,12.61,2.51,26.1,4.906,6.623,43.65,55.135,-0.489006078931765,-0.156107178285891,1.06645670970424,1.64873957914307,2017-04-11T00:00:00Z,2017-05-10T00:00:00Z,,
QUA-1,QUA-2B5G,1,QUA,1,1,1,0,0,G,F,F,13.72,1,14.85,0.059,0.081,1,1,23.3633018050373,,0,1.636,0.001636,0.016,0.015,12.61,2.51,26.1,4.906,6.623,43.65,55.135,-0.489006078931765,-0.156107178285891,1.06645670970424,1.64873957914307,2017-04-11T00:00:00Z,2017-05-10T00:00:00Z,,
QUA-1,QUA-2B5K,1,QUA,1,1,1,0,0,G,F,F,13.93,1,15.51,0.054,0.091,0,0,,,,,,0.015,0.014,12.61,2.51,26.1,4.906,6.623,43.65,55.135,-0.489006078931765,-0.156107178285891,1.06645670970424,1.64873957914307,2017-04-11T00:00:00Z,2017-05-10T00:00:00Z,,
QUA-1,QUA-2B5O,1,QUA,1,2,1,0,0,G,M,M,14.71,1,15.39,0.075,0.083,0,0,,,,,,,,12.61,2.51,26.1,4.906,6.623,43.65,55.135,-0.489006078931765,-0.156107178285891,1.06645670970424,1.64873957914307,2017-04-11T00:00:00Z,2017-05-10T00:00:00Z,,
QUA-1,QUA-2B5R,1,QUA,1,1,1,0,0,G,J,F,12.12,1,14.55,0.038,0.074,0,0,,,,,,,,12.61,2.51,26.1,4.906,6.623,43.65,55.135,-0.489006078931765,-0.156107178285891,1.06645670970424,1.64873957914307,2017-04-11T00:00:00Z,2017-05-10T00:00:00Z,IT WAS WRITTEN AS 2B2R,
QUA-1,QUA-2G5B,1,QUA,1,,1,0,0,G,M,,15.34,0,,0.085,,,,,,,,,,,12.61,2.51,26.1,4.906,6.623,43.65,55.135,-0.489006078931765,-0.156107178285891,1.06645670970424,1.64873957914307,2017-04-11T00:00:00Z,,,
QUA-1,QUA-2G5G,1,QUA,1,1,1,0,0,G,M,M,13.64,1,14.11,0.059,0.065,0,0,,,,,,,,12.61,2.51,26.1,4.906,6.623,43.65,55.135,-0.489006078931765,-0.156107178285891,1.06645670970424,1.64873957914307,2017-04-11T00:00:00Z,2017-05-10T00:00:00Z,,
QUA-1,QUA-2G5K,1,QUA,1,1,1,0,0,G,M,M,13.75,1,13.79,0.065,0.064,0,0,,,,,,,,12.61,2.51,26.1,4.906,6.623,43.65,55.135,-0.489006078931765,-0.156107178285891,1.06645670970424,1.64873957914307,2017-04-11T00:00:00Z,2017-05-10T00:00:00Z,5K NOT VISIBLE,
QUA-1,QUA-2G5O,1,QUA,1,,1,0,0,G,M,,14.61,0,,0.075,,,,,,,,,,,12.61,2.51,26.1,4.906,6.623,43.65,55.135,-0.489006078931765,-0.156107178285891,1.06645670970424,1.64873957914307,2017-04-11T00:00:00Z,,,
QUA-1,QUA-2G5R,1,QUA,1,1,1,0,0,G,M,M,15.16,1,15.33,0.071,0.082,0,0,,,,,,,,12.61,2.51,26.1,4.906,6.623,43.65,55.135,-0.489006078931765,-0.156107178285891,1.06645670970424,1.64873957914307,2017-04-11T00:00:00Z,2017-05-10T00:00:00Z,,
QUA-1,QUA-2K,1,QUA,1,1,1,0,0,G,J,F,11.29,1,14.19,0.033,0.071,0,0,,,,,,,,12.61,2.51,26.1,4.906,6.623,43.65,55.135,-0.489006078931765,-0.156107178285891,1.06645670970424,1.64873957914307,2017-04-11T00:00:00Z,2017-05-10T00:00:00Z,,
QUA-1,QUA-2K5B,1,QUA,1,1,1,0,0,G,F,F,14.86,1,16.49,0.066,0.102,0,0,,,,,,0.023,0.019,12.61,2.51,26.1,4.906,6.623,43.65,55.135,-0.489006078931765,-0.156107178285891,1.06645670970424,1.64873957914307,2017-04-11T00:00:00Z,2017-05-10T00:00:00Z,,
QUA-1,QUA-2K5G,1,QUA,1,1,1,0,0,G,M,M,14.63,1,14.78,0.075,0.076,0,0,,,,,,,,12.61,2.51,26.1,4.906,6.623,43.65,55.135,-0.489006078931765,-0.156107178285891,1.06645670970424,1.64873957914307,2017-04-11T00:00:00Z,2017-05-10T00:00:00Z,,
QUA-1,QUA-2K5K,1,QUA,1,,1,0,0,G,M,,14.94,0,,0.078,,,,,,,,,,,12.61,2.51,26.1,4.906,6.623,43.65,55.135,-0.489006078931765,-0.156107178285891,1.06645670970424,1.64873957914307,2017-04-11T00:00:00Z,,,
QUA-1,QUA-2K5R,1,QUA,1,1,1,0,0,G,M,M,14.36,1,14.61,0.075,0.079,0,0,,,,,,,,12.61,2.51,26.1,4.906,6.623,43.65,55.135,-0.489006078931765,-0.156107178285891,1.06645670970424,1.64873957914307,2017-04-11T00:00:00Z,2017-05-10T00:00:00Z,,
QUA-1,QUA-2O,1,QUA,1,1,1,0,0,G,J,F,11.61,1,14.34,0.028,0.068,0,0,,,,,,,,12.61,2.51,26.1,4.906,6.623,43.65,55.135,-0.489006078931765,-0.156107178285891,1.06645670970424,1.64873957914307,2017-04-11T00:00:00Z,2017-05-10T00:00:00Z,,
QUA-1,QUA-2R5B,1,QUA,1,1,1,0,0,G,F,F,14.65,1,15.69,0.069,0.097,0,0,,,,,,0.022,0.019,12.61,2.51,26.1,4.906,6.623,43.65,55.135,-0.489006078931765,-0.156107178285891,1.06645670970424,1.64873957914307,2017-04-11T00:00:00Z,2017-05-10T00:00:00Z,,
QUA-1,QUA-2R5G,1,QUA,1,1,1,0,0,G,F,F,12.96,1,14.97,0.047,0.069,0,0,,,,,,0.017,0.014,12.61,2.51,26.1,4.906,6.623,43.65,55.135,-0.489006078931765,-0.156107178285891,1.06645670970424,1.64873957914307,2017-04-11T00:00:00Z,2017-05-10T00:00:00Z,,
QUA-1,QUA-2R5K,1,QUA,1,1,1,0,0,G,J,M,13.52,1,15.04,0.057,0.087,0,0,,,,,,,,12.61,2.51,26.1,4.906,6.623,43.65,55.135,-0.489006078931765,-0.156107178285891,1.06645670970424,1.64873957914307,2017-04-11T00:00:00Z,2017-05-10T00:00:00Z,,
QUA-1,QUA-2R5O,1,QUA,1,1,1,0,0,G,F,F,14.01,1,15.68,0.056,0.085,0,0,,,0,,,0.022,0.018,12.61,2.51,26.1,4.906,6.623,43.65,55.135,-0.489006078931765,-0.156107178285891,1.06645670970424,1.64873957914307,2017-04-11T00:00:00Z,2017-05-10T00:00:00Z,,
QUA-1,QUA-2R5R,1,QUA,1,,1,0,0,G,F,,15.89,0,,0.096,,,,,,,,,,,12.61,2.51,26.1,4.906,6.623,43.65,55.135,-0.489006078931765,-0.156107178285891,1.06645670970424,1.64873957914307,2017-04-11T00:00:00Z,,,
QUA-1,QUA-2R5V,1,QUA,1,1,1,0,0,G,J,M,12.77,1,14.77,0.048,0.077,0,0,,,,,,,,12.61,2.51,26.1,4.906,6.623,43.65,55.135,-0.489006078931765,-0.156107178285891,1.06645670970424,1.64873957914307,2017-04-11T00:00:00Z,2017-05-10T00:00:00Z,,
QUA-1,QUA-2S,1,QUA,1,1,1,0,0,G,J,J,10.22,1,12.95,0.025,0.043,0,0,,,,,,,,12.61,2.51,26.1,4.906,6.623,43.65,55.135,-0.489006078931765,-0.156107178285891,1.06645670970424,1.64873957914307,2017-04-11T00:00:00Z,2017-05-10T00:00:00Z,,
QUA-1,QUA-2V,1,QUA,1,1,1,0,0,G,J,F,10.56,1,13.08,0.022,0.057,0,0,,,,,,,,12.61,2.51,26.1,4.906,6.623,43.65,55.135,-0.489006078931765,-0.156107178285891,1.06645670970424,1.64873957914307,2017-04-11T00:00:00Z,2017-05-10T00:00:00Z,,
QUA-1,QUA-5B,1,QUA,1,,1,0,0,G,J,,11.18,0,,0.034,,,,,,,,,,,12.61,2.51,26.1,4.906,6.623,43.65,55.135,-0.489006078931765,-0.156107178285891,1.06645670970424,1.64873957914307,2017-04-11T00:00:00Z,,,
QUA-1,QUA-5G,1,QUA,1,1,1,0,0,G,J,F,11.54,1,14.01,0.034,0.068,0,0,,,,,,0.015,0.014,12.61,2.51,26.1,4.906,6.623,43.65,55.135,-0.489006078931765,-0.156107178285891,1.06645670970424,1.64873957914307,2017-04-11T00:00:00Z,2017-05-10T00:00:00Z,,
QUA-1,QUA-5R,1,QUA,1,1,1,0,0,G,J,F,11.97,1,14.52,0.041,0.071,0,0,,,,,,0.018,0.015,12.61,2.51,26.1,4.906,6.623,43.65,55.135,-0.489006078931765,-0.156107178285891,1.06645670970424,1.64873957914307,2017-04-11T00:00:00Z,2017-05-10T00:00:00Z,,
QUA-1,QUA-5S,1,QUA,1,1,1,0,0,G,F,F,11.38,1,14.52,0.026,0.069,0,0,,,,,,,,12.61,2.51,26.1,4.906,6.623,43.65,55.135,-0.489006078931765,-0.156107178285891,1.06645670970424,1.64873957914307,2017-04-11T00:00:00Z,2017-05-10T00:00:00Z,,
QUA-2,QUA-1B,1,QUA,2,,0,1,0,G,J,,10.9,0,,0.027,,,,,,,,,,,16.07,2.29,25.5,7.075,9.336,31.86,12.839,-0.017900840658235,0.308999923048004,0.262556749776318,-0.680447649820801,2017-04-11T00:00:00Z,,,
QUA-2,QUA-1B2B,1,QUA,2,2,0,1,0,G,J,M,14.65,1,15.35,0.073,0.103,0,0,,,,,,,,16.07,2.29,25.5,7.075,9.336,31.86,12.839,-0.017900840658235,0.308999923048004,0.262556749776318,-0.680447649820801,2017-04-11T00:00:00Z,2017-05-10T00:00:00Z,,
QUA-2,QUA-1B2B7G,1,QUA,2,,0,1,0,G,M,,14.67,0,,0.076,,,,,,,,,,,16.07,2.29,25.5,7.075,9.336,31.86,12.839,-0.017900840658235,0.308999923048004,0.262556749776318,-0.680447649820801,2017-04-11T00:00:00Z,,,
QUA-2,QUA-1B2G,1,QUA,2,,0,1,0,G,M,,15.95,0,,0.095,,,,,,,,,,,16.07,2.29,25.5,7.075,9.336,31.86,12.839,-0.017900840658235,0.308999923048004,0.262556749776318,-0.680447649820801,2017-04-11T00:00:00Z,,,
QUA-2,QUA-1B2O,1,QUA,2,2,0,1,0,G,F,F,19.4,1,19.98,0.177,0.192,1,2,25.5611692525398,,0.75,3.108,0.003108,0.037,0.035,16.07,2.29,25.5,7.075,9.336,31.86,12.839,-0.017900840658235,0.308999923048004,0.262556749776318,-0.680447649820801,2017-04-11T00:00:00Z,2017-05-10T00:00:00Z,,
QUA-2,QUA-1B2R,1,QUA,2,,0,1,0,G,M,,14.22,0,,0.069,,,,,,,,,,,16.07,2.29,25.5,7.075,9.336,31.86,12.839,-0.017900840658235,0.308999923048004,0.262556749776318,-0.680447649820801,2017-04-11T00:00:00Z,,,
QUA-2,QUA-1B2W,1,QUA,2,2,0,1,0,G,M,M,14.46,1,15.51,0.073,0.093,0,0,,,,,,,,16.07,2.29,25.5,7.075,9.336,31.86,12.839,-0.017900840658235,0.308999923048004,0.262556749776318,-0.680447649820801,2017-04-11T00:00:00Z,2017-05-10T00:00:00Z,,
QUA-2,QUA-1B5B,1,QUA,2,2,0,1,0,G,F,F,15.74,1,17.9,0.091,0.124,0,0,,,,,,0.029,0.026,16.07,2.29,25.5,7.075,9.336,31.86,12.839,-0.017900840658235,0.308999923048004,0.262556749776318,-0.680447649820801,2017-04-11T00:00:00Z,2017-05-10T00:00:00Z,,
QUA-2,QUA-1B5G,1,QUA,2,2,0,1,0,G,F,F,15.49,1,17.52,0.088,0.119,1,2,26.1030410622118,3.043,13.75,3.61,0.00361,0.023,0.021,16.07,2.29,25.5,7.075,9.336,31.86,12.839,-0.017900840658235,0.308999923048004,0.262556749776318,-0.680447649820801,2017-04-11T00:00:00Z,2017-05-10T00:00:00Z,,
QUA-2,QUA-1B5K,1,QUA,2,2,0,1,0,G,F,F,18.29,1,19.6,0.146,0.169,0,0,,,,,,0.034,0.03,16.07,2.29,25.5,7.075,9.336,31.86,12.839,-0.017900840658235,0.308999923048004,0.262556749776318,-0.680447649820801,2017-04-11T00:00:00Z,2017-05-10T00:00:00Z,,
QUA-2,QUA-1B5O,1,QUA,2,2,0,1,0,G,F,F,20.3,1,21.03,0.219,0.234,1,3,28.6692697627869,2.258,24.17,7.05,0.00705,0.045,0.04,16.07,2.29,25.5,7.075,9.336,31.86,12.839,-0.017900840658235,0.308999923048004,0.262556749776318,-0.680447649820801,2017-04-11T00:00:00Z,2017-05-10T00:00:00Z,,
QUA-2,QUA-1B5R,1,QUA,2,2,0,1,0,G,F,F,12.37,1,15.47,0.04,0.079,0,0,,,,,,0.019,0.015,16.07,2.29,25.5,7.075,9.336,31.86,12.839,-0.017900840658235,0.308999923048004,0.262556749776318,-0.680447649820801,2017-04-11T00:00:00Z,2017-05-10T00:00:00Z,,
QUA-2,QUA-1B5V,1,QUA,2,2,0,1,0,G,F,F,19.58,1,19.96,0.164,0.178,1,3,28.2740636847442,,2,6.385,0.006385,0.035,0.033,16.07,2.29,25.5,7.075,9.336,31.86,12.839,-0.017900840658235,0.308999923048004,0.262556749776318,-0.680447649820801,2017-04-11T00:00:00Z,2017-05-10T00:00:00Z,,
QUA-2,QUA-1G,1,QUA,2,,0,1,0,G,J,,10.68,0,,0.025,,,,,,,,,,,16.07,2.29,25.5,7.075,9.336,31.86,12.839,-0.017900840658235,0.308999923048004,0.262556749776318,-0.680447649820801,2017-04-11T00:00:00Z,,,
QUA-2,QUA-1G2B,1,QUA,2,2,0,1,0,G,F,F,14.3,1,16.54,0.072,0.106,1,1,25.0919322231312,,1,2.723,0.002723,0.024,0.021,16.07,2.29,25.5,7.075,9.336,31.86,12.839,-0.017900840658235,0.308999923048004,0.262556749776318,-0.680447649820801,2017-04-11T00:00:00Z,2017-05-10T00:00:00Z,,
QUA-2,QUA-1G2G,1,QUA,2,2,0,1,0,G,F,F,21.4,1,22.77,0.249,0.262,1,3,28.2969617202417,2.235,15,6.422,0.006422,0.056,0.05,16.07,2.29,25.5,7.075,9.336,31.86,12.839,-0.017900840658235,0.308999923048004,0.262556749776318,-0.680447649820801,2017-04-11T00:00:00Z,2017-05-10T00:00:00Z,,
QUA-2,QUA-1G2O,1,QUA,2,,0,1,0,G,M,,14.66,0,,0.077,,,,,,,,,,,16.07,2.29,25.5,7.075,9.336,31.86,12.839,-0.017900840658235,0.308999923048004,0.262556749776318,-0.680447649820801,2017-04-11T00:00:00Z,,,
QUA-2,QUA-1G2R,1,QUA,2,2,0,1,0,G,J,M,13.37,1,15.9,0.052,0.085,0,0,,,,,,,,16.07,2.29,25.5,7.075,9.336,31.86,12.839,-0.017900840658235,0.308999923048004,0.262556749776318,-0.680447649820801,2017-04-11T00:00:00Z,2017-05-10T00:00:00Z,,
QUA-2,QUA-1G2W,1,QUA,2,2,0,1,0,G,F,F,20.39,1,21.06,0.227,0.235,1,4,29.1820659745151,1.861,35,8.001,0.008001,0.045,0.041,16.07,2.29,25.5,7.075,9.336,31.86,12.839,-0.017900840658235,0.308999923048004,0.262556749776318,-0.680447649820801,2017-04-11T00:00:00Z,2017-05-10T00:00:00Z,,
QUA-2,QUA-1G5B,1,QUA,2,2,0,1,0,G,F,F,19.98,1,20.77,0.212,0.232,1,5,29.8448339502437,1.661,39,9.392,0.009392,0.044,0.039,16.07,2.29,25.5,7.075,9.336,31.86,12.839,-0.017900840658235,0.308999923048004,0.262556749776318,-0.680447649820801,2017-04-11T00:00:00Z,2017-05-10T00:00:00Z,,
QUA-2,QUA-1G5G,1,QUA,2,2,0,1,0,G,F,F,18.04,1,19.16,0.144,0.156,1,2,25.4038260620915,,0,2.974,0.002974,0.033,0.033,16.07,2.29,25.5,7.075,9.336,31.86,12.839,-0.017900840658235,0.308999923048004,0.262556749776318,-0.680447649820801,2017-04-11T00:00:00Z,2017-05-10T00:00:00Z,,
QUA-2,QUA-1G5K,1,QUA,2,2,0,1,0,G,F,F,16.67,1,18.07,0.11,0.132,1,1,25.3641432833704,8.659,10,2.941,0.002941,0.031,0.026,16.07,2.29,25.5,7.075,9.336,31.86,12.839,-0.017900840658235,0.308999923048004,0.262556749776318,-0.680447649820801,2017-04-11T00:00:00Z,2017-05-10T00:00:00Z,,
QUA-2,QUA-1G5O,1,QUA,2,2,0,1,0,G,F,F,19.03,1,20.03,0.169,0.191,1,2,26.4013532376031,3.083,27.5,3.915,0.003915,0.035,0.034,16.07,2.29,25.5,7.075,9.336,31.86,12.839,-0.017900840658235,0.308999923048004,0.262556749776318,-0.680447649820801,2017-04-11T00:00:00Z,2017-05-10T00:00:00Z,,
QUA-2,QUA-1G5R,1,QUA,2,1,0,1,0,G,F,F,19.39,1,19.81,0.169,0.166,1,1,21.8306810432436,,0,1.008,0.001008,0.035,0.033,16.07,2.29,25.5,7.075,9.336,31.86,12.839,-0.017900840658235,0.308999923048004,0.262556749776318,-0.680447649820801,2017-04-11T00:00:00Z,2017-05-10T00:00:00Z,,
QUA-2,QUA-1G5V,1,QUA,2,1,0,1,0,G,F,F,14.28,1,16.04,0.066,0.104,0,0,,,,,,0.025,0.02,16.07,2.29,25.5,7.075,9.336,31.86,12.839,-0.017900840658235,0.308999923048004,0.262556749776318,-0.680447649820801,2017-04-11T00:00:00Z,2017-05-10T00:00:00Z,,
QUA-2,QUA-1K,1,QUA,2,,0,1,0,G,J,,10.88,0,,0.032,,,,,,,,,,,16.07,2.29,25.5,7.075,9.336,31.86,12.839,-0.017900840658235,0.308999923048004,0.262556749776318,-0.680447649820801,2017-04-11T00:00:00Z,,,
QUA-2,QUA-1K2B,1,QUA,2,2,0,1,0,G,F,F,16.93,1,18.03,0.109,0.145,1,2,27.548748114239,,2,5.304,0.005304,0.031,0.028,16.07,2.29,25.5,7.075,9.336,31.86,12.839,-0.017900840658235,0.308999923048004,0.262556749776318,-0.680447649820801,2017-04-11T00:00:00Z,2017-05-10T00:00:00Z,,
QUA-2,QUA-1K2G,1,QUA,2,1,0,1,0,G,F,F,17.26,1,18.82,0.124,0.153,1,2,26.3947344988473,,27.5,3.908,0.003908,0.033,0.031,16.07,2.29,25.5,7.075,9.336,31.86,12.839,-0.017900840658235,0.308999923048004,0.262556749776318,-0.680447649820801,2017-04-11T00:00:00Z,2017-05-10T00:00:00Z,,
QUA-2,QUA-1K2K,1,QUA,2,2,0,1,0,G,F,F,19.42,1,20.97,0.198,0.228,1,3,28.1444509206173,2.226,17.5,6.179,0.006179,0.041,0.044,16.07,2.29,25.5,7.075,9.336,31.86,12.839,-0.017900840658235,0.308999923048004,0.262556749776318,-0.680447649820801,2017-04-11T00:00:00Z,2017-05-10T00:00:00Z,,
QUA-2,QUA-1K2O,1,QUA,2,1,0,1,0,G,F,F,18.12,1,18.7,0.157,0.172,1,2,26.2199491795757,3.059,43.75,3.727,0.003727,0.034,0.032,16.07,2.29,25.5,7.075,9.336,31.86,12.839,-0.017900840658235,0.308999923048004,0.262556749776318,-0.680447649820801,2017-04-11T00:00:00Z,2017-05-10T00:00:00Z,,
QUA-2,QUA-1K2R,1,QUA,2,2,0,1,0,G,F,F,20.74,1,21.38,0.219,0.241,1,4,28.8988521479832,1.851,40,7.463,0.007463,0.044,0.04,16.07,2.29,25.5,7.075,9.336,31.86,12.839,-0.017900840658235,0.308999923048004,0.262556749776318,-0.680447649820801,2017-04-11T00:00:00Z,2017-05-10T00:00:00Z,,
QUA-2,QUA-1K2V,1,QUA,2,2,0,1,0,G,F,F,18.54,1,19.14,0.153,0.169,1,2,24.0837222452368,7.676,35,2.032,0.002032,0.036,0.031,16.07,2.29,25.5,7.075,9.336,31.86,12.839,-0.017900840658235,0.308999923048004,0.262556749776318,-0.680447649820801,2017-04-11T00:00:00Z,2017-05-10T00:00:00Z,,
QUA-2,QUA-1K5R,1,QUA,2,2,0,1,0,G,J,M,13.27,1,15.25,0.048,0.081,0,0,,,,,,,,16.07,2.29,25.5,7.075,9.336,31.86,12.839,-0.017900840658235,0.308999923048004,0.262556749776318,-0.680447649820801,2017-04-11T00:00:00Z,2017-05-10T00:00:00Z,,
QUA-2,QUA-1O,1,QUA,2,2,0,1,0,G,J,F,10.82,1,13.96,0.027,0.063,0,0,,,,,,0.014,0.012,16.07,2.29,25.5,7.075,9.336,31.86,12.839,-0.017900840658235,0.308999923048004,0.262556749776318,-0.680447649820801,2017-04-11T00:00:00Z,2017-05-10T00:00:00Z,,
QUA-2,QUA-1O2B,1,QUA,2,2,0,1,0,G,F,F,20.83,1,21.76,0.224,0.243,1,3,26.331822915261,,3,3.842,0.003842,0.052,0.049,16.07,2.29,25.5,7.075,9.336,31.86,12.839,-0.017900840658235,0.308999923048004,0.262556749776318,-0.680447649820801,2017-04-11T00:00:00Z,2017-05-10T00:00:00Z,,
QUA-2,QUA-1O2G,1,QUA,2,,0,1,0,G,F,,13.01,0,,0.053,,,,,,,,,,,16.07,2.29,25.5,7.075,9.336,31.86,12.839,-0.017900840658235,0.308999923048004,0.262556749776318,-0.680447649820801,2017-04-11T00:00:00Z,,,
QUA-2,QUA-1O2O,1,QUA,2,2,0,1,0,G,F,F,20.37,1,20.98,0.217,0.239,1,4,29.1047909387352,1.858,27.5,7.851,0.007851,0.045,0.041,16.07,2.29,25.5,7.075,9.336,31.86,12.839,-0.017900840658235,0.308999923048004,0.262556749776318,-0.680447649820801,2017-04-11T00:00:00Z,2017-05-10T00:00:00Z,,
QUA-2,QUA-1O2R,1,QUA,2,2,0,1,0,G,F,F,13.63,1,16.33,0.055,0.095,0,0,,,,,,0.022,0.02,16.07,2.29,25.5,7.075,9.336,31.86,12.839,-0.017900840658235,0.308999923048004,0.262556749776318,-0.680447649820801,2017-04-11T00:00:00Z,2017-05-10T00:00:00Z,,
QUA-2,QUA-1O2W,1,QUA,2,,0,1,0,G,M,,15.19,0,,0.093,,,,,,,,,,,16.07,2.29,25.5,7.075,9.336,31.86,12.839,-0.017900840658235,0.308999923048004,0.262556749776318,-0.680447649820801,2017-04-11T00:00:00Z,,,
QUA-2,QUA-1R,1,QUA,2,2,0,1,0,G,J,F,10.61,1,14.05,0.024,0.061,0,0,,,,,,0.014,0.012,16.07,2.29,25.5,7.075,9.336,31.86,12.839,-0.017900840658235,0.308999923048004,0.262556749776318,-0.680447649820801,2017-04-11T00:00:00Z,2017-05-10T00:00:00Z,,
QUA-2,QUA-1R2B,1,QUA,2,2,0,1,0,G,J,M,13.63,1,15.26,0.065,0.098,0,0,,,,,,,,16.07,2.29,25.5,7.075,9.336,31.86,12.839,-0.017900840658235,0.308999923048004,0.262556749776318,-0.680447649820801,2017-04-11T00:00:00Z,2017-05-10T00:00:00Z,,
QUA-2,QUA-1R2G,1,QUA,2,1,0,1,0,G,F,F,15.57,1,17.09,0.089,0.116,1,1,23.8281275628469,7.488,35,1.883,0.001883,0.025,0.022,16.07,2.29,25.5,7.075,9.336,31.86,12.839,-0.017900840658235,0.308999923048004,0.262556749776318,-0.680447649820801,2017-04-11T00:00:00Z,2017-05-10T00:00:00Z,,
QUA-2,QUA-1R2O,1,QUA,2,,0,1,0,G,M,,15.47,0,,0.093,,,,,,,,,,,16.07,2.29,25.5,7.075,9.336,31.86,12.839,-0.017900840658235,0.308999923048004,0.262556749776318,-0.680447649820801,2017-04-11T00:00:00Z,,,
QUA-2,QUA-1R2R,1,QUA,2,,0,1,0,G,M,,14.45,0,,0.071,,,,,,,,,,,16.07,2.29,25.5,7.075,9.336,31.86,12.839,-0.017900840658235,0.308999923048004,0.262556749776318,-0.680447649820801,2017-04-11T00:00:00Z,,,
QUA-2,QUA-1R2W,1,QUA,2,,0,1,0,G,M,,15.09,0,,0.082,,,,,,,,,,,16.07,2.29,25.5,7.075,9.336,31.86,12.839,-0.017900840658235,0.308999923048004,0.262556749776318,-0.680447649820801,2017-04-11T00:00:00Z,,,
QUA-2,QUA-1R5B,1,QUA,2,2,0,1,0,G,F,F,13.67,1,16.37,0.06,0.099,1,1,23.2392511278772,,5,1.575,0.001575,0.02,0.018,16.07,2.29,25.5,7.075,9.336,31.86,12.839,-0.017900840658235,0.308999923048004,0.262556749776318,-0.680447649820801,2017-04-11T00:00:00Z,2017-05-10T00:00:00Z,,
QUA-2,QUA-1R5G,1,QUA,2,2,0,1,0,G,F,F,18.6,1,19.43,0.156,0.169,1,2,25.7624906822247,,1,3.287,0.003287,0.035,0.031,16.07,2.29,25.5,7.075,9.336,31.86,12.839,-0.017900840658235,0.308999923048004,0.262556749776318,-0.680447649820801,2017-04-11T00:00:00Z,2017-05-10T00:00:00Z,,
QUA-2,QUA-1R5O,1,QUA,2,2,0,1,0,G,F,F,16.33,1,17.94,0.099,0.134,1,2,26.0346185152677,,27.5,3.543,0.003543,0.029,0.025,16.07,2.29,25.5,7.075,9.336,31.86,12.839,-0.017900840658235,0.308999923048004,0.262556749776318,-0.680447649820801,2017-04-11T00:00:00Z,2017-05-10T00:00:00Z,,
QUA-2,QUA-1R5R,1,QUA,2,2,0,1,0,G,F,F,17.19,1,18.25,0.124,0.139,1,2,26.3966266066325,,27.5,3.91,0.00391,0.028,0.024,16.07,2.29,25.5,7.075,9.336,31.86,12.839,-0.017900840658235,0.308999923048004,0.262556749776318,-0.680447649820801,2017-04-11T00:00:00Z,2017-05-10T00:00:00Z,,
QUA-2,QUA-1R5V,1,QUA,2,1,0,1,0,G,F,F,17.9,1,19.16,0.139,0.166,1,2,26.6483030891686,,17.5,4.184,0.004184,0.036,0.031,16.07,2.29,25.5,7.075,9.336,31.86,12.839,-0.017900840658235,0.308999923048004,0.262556749776318,-0.680447649820801,2017-04-11T00:00:00Z,2017-05-10T00:00:00Z,,
QUA-2,QUA-1S,1,QUA,2,,0,1,0,G,J,,11.67,0,,0.035,,,,,,,,,,,16.07,2.29,25.5,7.075,9.336,31.86,12.839,-0.017900840658235,0.308999923048004,0.262556749776318,-0.680447649820801,2017-04-11T00:00:00Z,,,
QUA-2,QUA-1S2R,1,QUA,2,2,0,1,0,G,J,M,13.7,1,15.39,0.066,0.096,0,0,,,,,,,,16.07,2.29,25.5,7.075,9.336,31.86,12.839,-0.017900840658235,0.308999923048004,0.262556749776318,-0.680447649820801,2017-04-11T00:00:00Z,2017-05-10T00:00:00Z,,
QUA-2,QUA-1V,1,QUA,2,,0,1,0,G,J,,11.3,0,,0.033,,,,,,,,,,,16.07,2.29,25.5,7.075,9.336,31.86,12.839,-0.017900840658235,0.308999923048004,0.262556749776318,-0.680447649820801,2017-04-11T00:00:00Z,,,
QUA-2,QUA-1V2B,1,QUA,2,2,0,1,0,G,F,F,18.13,1,19.18,0.144,0.173,1,2,27.0933089594978,3.177,27.5,4.709,0.004709,0.035,0.032,16.07,2.29,25.5,7.075,9.336,31.86,12.839,-0.017900840658235,0.308999923048004,0.262556749776318,-0.680447649820801,2017-04-11T00:00:00Z,2017-05-10T00:00:00Z,,
QUA-2,QUA-1V2G,1,QUA,2,2,0,1,0,G,J,M,14.54,1,15.6,0.058,0.085,0,0,,,,,,,,16.07,2.29,25.5,7.075,9.336,31.86,12.839,-0.017900840658235,0.308999923048004,0.262556749776318,-0.680447649820801,2017-04-11T00:00:00Z,2017-05-10T00:00:00Z,,
QUA-2,QUA-1V2K,1,QUA,2,2,0,1,0,G,F,F,18.14,1,19.24,0.139,0.173,1,3,27.15732980731,2.165,40,4.789,0.004789,0.035,0.031,16.07,2.29,25.5,7.075,9.336,31.86,12.839,-0.017900840658235,0.308999923048004,0.262556749776318,-0.680447649820801,2017-04-11T00:00:00Z,2017-05-10T00:00:00Z,,
QUA-2,QUA-1V2O,1,QUA,2,2,0,1,0,G,F,F,18.85,1,19.51,0.154,0.169,0,0,,,,,,0.032,0.029,16.07,2.29,25.5,7.075,9.336,31.86,12.839,-0.017900840658235,0.308999923048004,0.262556749776318,-0.680447649820801,2017-04-11T00:00:00Z,2017-05-10T00:00:00Z,,
QUA-2,QUA-1V2R,1,QUA,2,,0,1,0,G,F,,17.68,0,,0.135,,,,,,,,,,,16.07,2.29,25.5,7.075,9.336,31.86,12.839,-0.017900840658235,0.308999923048004,0.262556749776318,-0.680447649820801,2017-04-11T00:00:00Z,,,
QUA-2,QUA-1V2V,1,QUA,2,2,0,1,0,G,F,F,16.23,1,17.96,0.082,0.142,1,1,24.4376524431411,,2,2.255,0.002255,0.026,0.024,16.07,2.29,25.5,7.075,9.336,31.86,12.839,-0.017900840658235,0.308999923048004,0.262556749776318,-0.680447649820801,2017-04-11T00:00:00Z,2017-05-10T00:00:00Z,,
QUA-2,QUA-1W2R,1,QUA,2,2,0,1,0,G,F,F,18.24,1,19.18,0.151,0.178,1,2,26.6741039358201,,2,4.213,0.004213,0.036,0.032,16.07,2.29,25.5,7.075,9.336,31.86,12.839,-0.017900840658235,0.308999923048004,0.262556749776318,-0.680447649820801,2017-04-11T00:00:00Z,2017-05-10T00:00:00Z,,
QUA-2,QUA-2B,1,QUA,2,1,0,1,0,G,J,J,10.88,1,13.01,0.026,0.052,0,0,,,,,,0.012,0.011,16.07,2.29,25.5,7.075,9.336,31.86,12.839,-0.017900840658235,0.308999923048004,0.262556749776318,-0.680447649820801,2017-04-11T00:00:00Z,2017-05-10T00:00:00Z,,
QUA-2,QUA-2G,1,QUA,2,2,0,1,0,G,J,J,11.87,1,13.88,0.033,0.059,0,0,,,,,,,,16.07,2.29,25.5,7.075,9.336,31.86,12.839,-0.017900840658235,0.308999923048004,0.262556749776318,-0.680447649820801,2017-04-11T00:00:00Z,2017-05-10T00:00:00Z,,
QUA-2,QUA-2R,1,QUA,2,2,0,1,0,G,J,J,11.3,1,13.96,0.028,0.064,0,0,,,,,,,,16.07,2.29,25.5,7.075,9.336,31.86,12.839,-0.017900840658235,0.308999923048004,0.262556749776318,-0.680447649820801,2017-04-11T00:00:00Z,2017-05-10T00:00:00Z,,
QUA2-2,QUA2-1B4G,1,QUA2,2,2,0,1,0,G,J,F,12.59,1,14.99,0.035,0.074,0,0,,,,,,,,9.14,2.56,20.9,3.54,3.926,9.76,14.285,-0.7857002953825,-0.618471296346162,-1.24432951946941,-0.600818258552555,2019-03-21T00:00:00Z,,,
QUA2-2,QUA2-1B6V,1,QUA2,2,2,0,1,0,G,F,F,17.05,1,18.21,0.095,0.142,1,2,26.0377059084617,7.665,2,3.546,0.003546,,,9.14,2.56,20.9,3.54,3.926,9.76,14.285,-0.7857002953825,-0.618471296346162,-1.24432951946941,-0.600818258552555,2019-03-21T00:00:00Z,,,
QUA2-2,QUA2-1G3R,1,QUA2,2,2,0,1,0,G,J,,12.55,0,,0.036,,,,,,,,,,,9.14,2.56,20.9,3.54,3.926,9.76,14.285,-0.7857002953825,-0.618471296346162,-1.24432951946941,-0.600818258552555,2019-03-21T00:00:00Z,,,
QUA2-2,QUA2-1G4R,1,QUA2,2,2,0,1,0,G,J,M,13.32,1,16.31,0.035,0.082,0,0,,,,,,,,9.14,2.56,20.9,3.54,3.926,9.76,14.285,-0.7857002953825,-0.618471296346162,-1.24432951946941,-0.600818258552555,2019-03-21T00:00:00Z,,,
QUA2-2,QUA2-1O3O,1,QUA2,2,2,0,1,0,G,F,F,18.52,1,19.52,0.26,0.172,1,3,27.5458364058406,9.166666667,8.333333333,5.3,0.0053,,,9.14,2.56,20.9,3.54,3.926,9.76,14.285,-0.7857002953825,-0.618471296346162,-1.24432951946941,-0.600818258552555,2019-03-21T00:00:00Z,,,
QUA2-2,QUA2-1O3V,1,QUA2,2,2,0,1,0,G,J,,12.03,0,,0.032,,,,,,,,,,,9.14,2.56,20.9,3.54,3.926,9.76,14.285,-0.7857002953825,-0.618471296346162,-1.24432951946941,-0.600818258552555,2019-03-21T00:00:00Z,,,
QUA2-2,QUA2-1O4O,1,QUA2,2,2,0,1,0,G,M,,15.57,0,,0.082,,,,,,,,,,,9.14,2.56,20.9,3.54,3.926,9.76,14.285,-0.7857002953825,-0.618471296346162,-1.24432951946941,-0.600818258552555,2019-03-21T00:00:00Z,,,
QUA2-2,QUA2-1O6Y,1,QUA2,2,2,0,1,0,G,J,,14.17,0,,0.045,,,,,,,,,,,9.14,2.56,20.9,3.54,3.926,9.76,14.285,-0.7857002953825,-0.618471296346162,-1.24432951946941,-0.600818258552555,2019-03-21T00:00:00Z,,,
QUA2-2,QUA2-1R,1,QUA2,2,2,0,1,0,G,J,J,11.26,1,13.88,0.03,0.067,0,0,,,,,,,,9.14,2.56,20.9,3.54,3.926,9.76,14.285,-0.7857002953825,-0.618471296346162,-1.24432951946941,-0.600818258552555,2019-03-21T00:00:00Z,,,
QUA2-2,QUA2-1R3G,1,QUA2,2,2,0,1,0,G,J,F,12.11,1,14.68,0.028,0.06,0,0,,,,,,,,9.14,2.56,20.9,3.54,3.926,9.76,14.285,-0.7857002953825,-0.618471296346162,-1.24432951946941,-0.600818258552555,2019-03-21T00:00:00Z,,,
QUA2-2,QUA2-1R3V,1,QUA2,2,2,0,1,0,G,J,F,12.17,1,14.62,0.026,0.07,0,0,,,,,,,,9.14,2.56,20.9,3.54,3.926,9.76,14.285,-0.7857002953825,-0.618471296346162,-1.24432951946941,-0.600818258552555,2019-03-21T00:00:00Z,,,
QUA2-2,QUA2-1R4B,1,QUA2,2,2,0,1,0,G,M,,15.22,0,,0.076,,,,,,,,,,,9.14,2.56,20.9,3.54,3.926,9.76,14.285,-0.7857002953825,-0.618471296346162,-1.24432951946941,-0.600818258552555,2019-03-21T00:00:00Z,,,
QUA2-2,QUA2-1R6Y,1,QUA2,2,2,0,1,0,G,M,M,14.98,1,16.97,0.07,0.107,,,,,,,,,,9.14,2.56,20.9,3.54,3.926,9.76,14.285,-0.7857002953825,-0.618471296346162,-1.24432951946941,-0.600818258552555,2019-03-21T00:00:00Z,,,
QUA2-2,QUA2-1V8G,1,QUA2,2,2,0,1,0,G,M,M,13.89,1,14.47,0.063,0.064,0,0,,,,,,,,9.14,2.56,20.9,3.54,3.926,9.76,14.285,-0.7857002953825,-0.618471296346162,-1.24432951946941,-0.600818258552555,2019-03-21T00:00:00Z,,,
QUA2-2,QUA2-1V8O,1,QUA2,2,2,0,1,0,G,F,F,15.82,1,17.88,0.092,0.145,1,2,22.2832897311408,4.225,2,1.167,0.001167,,,9.14,2.56,20.9,3.54,3.926,9.76,14.285,-0.7857002953825,-0.618471296346162,-1.24432951946941,-0.600818258552555,2019-03-21T00:00:00Z,,,
QUA2-2,QUA2-1Y,1,QUA2,2,2,0,1,0,G,J,,12.8,0,,0.038,,,,,,,,,,,9.14,2.56,20.9,3.54,3.926,9.76,14.285,-0.7857002953825,-0.618471296346162,-1.24432951946941,-0.600818258552555,2019-03-21T00:00:00Z,,,
QUA2-2,QUA2-1Y3O,1,QUA2,2,2,0,1,0,G,J,,12.25,0,,0.031,,,,,,,,,,,9.14,2.56,20.9,3.54,3.926,9.76,14.285,-0.7857002953825,-0.618471296346162,-1.24432951946941,-0.600818258552555,2019-03-21T00:00:00Z,,,
QUA2-2,QUA2-1Y4O,1,QUA2,2,2,0,1,0,G,J,F,11.69,1,14.31,0.033,0.072,0,0,,,,,,,,9.14,2.56,20.9,3.54,3.926,9.76,14.285,-0.7857002953825,-0.618471296346162,-1.24432951946941,-0.600818258552555,2019-03-21T00:00:00Z,,,
QUA2-2,QUA2-2B,1,QUA2,2,2,0,1,0,G,J,,11.72,0,,0.033,,,,,,,,,,,9.14,2.56,20.9,3.54,3.926,9.76,14.285,-0.7857002953825,-0.618471296346162,-1.24432951946941,-0.600818258552555,2019-03-21T00:00:00Z,,,
QUA2-2,QUA2-2B3R,1,QUA2,2,2,0,1,0,G,J,,13.89,0,,0.058,,,,,,,,,,,9.14,2.56,20.9,3.54,3.926,9.76,14.285,-0.7857002953825,-0.618471296346162,-1.24432951946941,-0.600818258552555,2019-03-21T00:00:00Z,,,
QUA2-2,QUA2-2B4B,1,QUA2,2,2,0,1,0,G,M,M,12.2,1,14.68,0.037,0.072,0,0,,,,,,,,9.14,2.56,20.9,3.54,3.926,9.76,14.285,-0.7857002953825,-0.618471296346162,-1.24432951946941,-0.600818258552555,2019-03-21T00:00:00Z,,,
QUA2-2,QUA2-2G4O,1,QUA2,2,2,0,1,0,G,M,M,14.51,1,14.15,0.066,0.064,0,0,,,,,,,,9.14,2.56,20.9,3.54,3.926,9.76,14.285,-0.7857002953825,-0.618471296346162,-1.24432951946941,-0.600818258552555,2019-03-21T00:00:00Z,,,
QUA2-2,QUA2-2O3G,1,QUA2,2,2,0,1,0,G,F,F,26.55,1,25.72,0.418,0.41,1,8,30.9819306551121,6.47,35,12.265,0.012265,,,9.14,2.56,20.9,3.54,3.926,9.76,14.285,-0.7857002953825,-0.618471296346162,-1.24432951946941,-0.600818258552555,2019-03-21T00:00:00Z,,,
QUA2-2,QUA2-2O3R,1,QUA2,2,2,0,1,0,G,J,J,12.64,1,14.51,0.039,0.078,0,0,,,,,,,,9.14,2.56,20.9,3.54,3.926,9.76,14.285,-0.7857002953825,-0.618471296346162,-1.24432951946941,-0.600818258552555,2019-03-21T00:00:00Z,,,
QUA2-2,QUA2-2O4G,1,QUA2,2,2,0,1,0,G,J,M,12.89,1,15,0.041,0.088,0,0,,,,,,,,9.14,2.56,20.9,3.54,3.926,9.76,14.285,-0.7857002953825,-0.618471296346162,-1.24432951946941,-0.600818258552555,2019-03-21T00:00:00Z,,,
QUA2-2,QUA2-2O4V,1,QUA2,2,2,0,1,0,G,F,F,18.78,1,19.66,0.155,0.202,1,5,27.0332515084382,4.22,11,4.635,0.004635,,,9.14,2.56,20.9,3.54,3.926,9.76,14.285,-0.7857002953825,-0.618471296346162,-1.24432951946941,-0.600818258552555,2019-03-21T00:00:00Z,,,
QUA2-2,QUA2-2O6G,1,QUA2,2,2,0,1,0,G,M,,14.41,0,,0.065,,,,,,,,,,,9.14,2.56,20.9,3.54,3.926,9.76,14.285,-0.7857002953825,-0.618471296346162,-1.24432951946941,-0.600818258552555,2019-03-21T00:00:00Z,,,
QUA2-2,QUA2-2O6V,1,QUA2,2,2,0,1,0,G,F,F,21.06,1,21.73,0.17,0.226,1,3,28.0405387152562,8,20,6.018,0.006018,,,9.14,2.56,20.9,3.54,3.926,9.76,14.285,-0.7857002953825,-0.618471296346162,-1.24432951946941,-0.600818258552555,2019-03-21T00:00:00Z,,,
QUA2-2,QUA2-2O8G,1,QUA2,2,2,0,1,0,G,M,M,14.57,1,14.76,0.059,0.067,0,0,,,,,,,,9.14,2.56,20.9,3.54,3.926,9.76,14.285,-0.7857002953825,-0.618471296346162,-1.24432951946941,-0.600818258552555,2019-03-21T00:00:00Z,,,
QUA2-2,QUA2-2O8O,1,QUA2,2,2,0,1,0,G,F,F,24.38,1,24.11,0.306,0.286,1,2,12.94,6.47,13.5,,,,,9.14,2.56,20.9,3.54,3.926,9.76,14.285,-0.7857002953825,-0.618471296346162,-1.24432951946941,-0.600818258552555,2019-03-21T00:00:00Z,,,
QUA2-2,QUA2-2O8V,1,QUA2,2,2,0,1,0,G,M,M,16.38,1,16.17,0.087,0.094,0,0,,,,,,,,9.14,2.56,20.9,3.54,3.926,9.76,14.285,-0.7857002953825,-0.618471296346162,-1.24432951946941,-0.600818258552555,2019-03-21T00:00:00Z,,,
QUA2-2,QUA2-2R6O,1,QUA2,2,2,0,1,0,G,F,F,20.18,1,20.54,0.17,0.216,1,3,26.6509792608258,6.266666667,25,4.187,0.004187,,,9.14,2.56,20.9,3.54,3.926,9.76,14.285,-0.7857002953825,-0.618471296346162,-1.24432951946941,-0.600818258552555,2019-03-21T00:00:00Z,,,
QUA2-2,QUA2-2R8R,1,QUA2,2,2,0,1,0,G,F,F,16.35,1,18.22,0.088,0.133,1,2,25.1534368986058,,27,2.771,0.002771,,,9.14,2.56,20.9,3.54,3.926,9.76,14.285,-0.7857002953825,-0.618471296346162,-1.24432951946941,-0.600818258552555,2019-03-21T00:00:00Z,,,
QUA2-2,QUA2-2Y3O,1,QUA2,2,2,0,1,0,G,J,F,12.01,1,18.48,0.03,0.194,0,0,,,,,,,,9.14,2.56,20.9,3.54,3.926,9.76,14.285,-0.7857002953825,-0.618471296346162,-1.24432951946941,-0.600818258552555,2019-03-21T00:00:00Z,,,
QUA2-2,QUA2-2Y6O,1,QUA2,2,2,0,1,0,G,M,M,14.82,1,15,0.066,0.073,0,0,,,,,,,,9.14,2.56,20.9,3.54,3.926,9.76,14.285,-0.7857002953825,-0.618471296346162,-1.24432951946941,-0.600818258552555,2019-03-21T00:00:00Z,,,
QUA2-2,QUA2-5O6B,1,QUA2,2,2,0,1,0,G,F,F,20.32,1,21.95,0.175,0.238,1,6,30.0072665039798,13.48333333,5,9.763,0.009763,,,9.14,2.56,20.9,3.54,3.926,9.76,14.285,-0.7857002953825,-0.618471296346162,-1.24432951946941,-0.600818258552555,2019-03-21T00:00:00Z,,,
QUA2-2,QUA2-5R8B,1,QUA2,2,2,0,1,0,G,M,,13.59,0,,0.05,,,,,,,,,,,9.14,2.56,20.9,3.54,3.926,9.76,14.285,-0.7857002953825,-0.618471296346162,-1.24432951946941,-0.600818258552555,2019-03-21T00:00:00Z,,,
QUA2-2,QUA2-7B8R,0,QUA2,2,2,0,1,0,G,J,F,14.51,1,18.54,0.065,0.171,1,9,104.94,2.491111111,11.66,,,,,9.14,2.56,20.9,3.54,3.926,9.76,14.285,-0.7857002953825,-0.618471296346162,-1.24432951946941,-0.600818258552555,2019-03-21T00:00:00Z,,,
QUA2-2,QUA2-7O8Y,1,QUA2,2,2,0,1,0,G,F,F,22.77,1,22.99,0.255,0.259,1,6,28.9976335721024,,15.83333333,7.647,0.007647,,,9.14,2.56,20.9,3.54,3.926,9.76,14.285,-0.7857002953825,-0.618471296346162,-1.24432951946941,-0.600818258552555,2019-03-21T00:00:00Z,,,
QUA2-3,QUA2-1G3R7R,1,QUA2,3,3,1,0,0,G,F,F,22.79,1,22.09,0.238,0.198,0,0,,,,,,,,13.19,1.93,27.1,3.405,1.173,16.032,9.723,-0.815022198179608,-1.09043585586412,-0.816673832559489,-0.852041829068281,2019-03-21T00:00:00Z,,,
QUA2-3,QUA2-1G8O,1,QUA2,3,3,1,0,0,G,M,M,15.89,1,15.52,0.088,0.076,0,0,,,,,,,,13.19,1.93,27.1,3.405,1.173,16.032,9.723,-0.815022198179608,-1.09043585586412,-0.816673832559489,-0.852041829068281,2019-03-21T00:00:00Z,,,
QUA2-3,QUA2-1O,1,QUA2,3,3,1,0,0,G,J,M,9.56,1,14.75,0.018,0.062,0,0,,,,,,,,13.19,1.93,27.1,3.405,1.173,16.032,9.723,-0.815022198179608,-1.09043585586412,-0.816673832559489,-0.852041829068281,2019-03-21T00:00:00Z,,,
QUA2-3,QUA2-1O3B,1,QUA2,3,3,1,0,0,G,J,,12.46,0,,0.038,,,,,,,,,,,13.19,1.93,27.1,3.405,1.173,16.032,9.723,-0.815022198179608,-1.09043585586412,-0.816673832559489,-0.852041829068281,2019-03-21T00:00:00Z,,,
QUA2-3,QUA2-1O3G,1,QUA2,3,3,1,0,0,G,J,,17.24,0,,0.099,,,,,,,,,,,13.19,1.93,27.1,3.405,1.173,16.032,9.723,-0.815022198179608,-1.09043585586412,-0.816673832559489,-0.852041829068281,2019-03-21T00:00:00Z,,,
QUA2-3,QUA2-1O3R,1,QUA2,3,3,1,0,0,G,F,F,15,1,18.14,0.075,0.147,1,6,28.9986960045028,5.386666667,27.83333333,7.649,0.007649,,,13.19,1.93,27.1,3.405,1.173,16.032,9.723,-0.815022198179608,-1.09043585586412,-0.816673832559489,-0.852041829068281,2019-03-21T00:00:00Z,,,
QUA2-3,QUA2-1O4R,1,QUA2,3,3,1,0,0,G,J,M,15.17,1,15.56,0.075,0.078,0,0,,,,,,,,13.19,1.93,27.1,3.405,1.173,16.032,9.723,-0.815022198179608,-1.09043585586412,-0.816673832559489,-0.852041829068281,2019-03-21T00:00:00Z,,,
QUA2-3,QUA2-1O6B,1,QUA2,3,3,1,0,0,G,F,,21.58,0,,0.229,,,,,,,,,,,13.19,1.93,27.1,3.405,1.173,16.032,9.723,-0.815022198179608,-1.09043585586412,-0.816673832559489,-0.852041829068281,2019-03-21T00:00:00Z,,,
QUA2-3,QUA2-1O6O,1,QUA2,3,3,1,0,0,G,F,F,21.32,1,19.79,0.243,,1,6,28.1908010129036,5.531666667,40,6.252,0.006252,,,13.19,1.93,27.1,3.405,1.173,16.032,9.723,-0.815022198179608,-1.09043585586412,-0.816673832559489,-0.852041829068281,2019-03-21T00:00:00Z,,,Died before measuring
QUA2-3,QUA2-1O8B,1,QUA2,3,3,1,0,0,G,F,,21.25,0,,0.253,,,,,,,,,,,13.19,1.93,27.1,3.405,1.173,16.032,9.723,-0.815022198179608,-1.09043585586412,-0.816673832559489,-0.852041829068281,2019-03-21T00:00:00Z,,,
QUA2-3,QUA2-1O8O,1,QUA2,3,3,1,0,0,G,F,F,16.7,1,16.03,0.107,0.072,1,2,12.94,6.47,35,,,,,13.19,1.93,27.1,3.405,1.173,16.032,9.723,-0.815022198179608,-1.09043585586412,-0.816673832559489,-0.852041829068281,2019-03-21T00:00:00Z,,,
QUA2-3,QUA2-1O8Y,1,QUA2,3,3,1,0,0,G,F,,19.73,0,,0.16,,,,,,,,,,,13.19,1.93,27.1,3.405,1.173,16.032,9.723,-0.815022198179608,-1.09043585586412,-0.816673832559489,-0.852041829068281,2019-03-21T00:00:00Z,,,
QUA2-3,QUA2-1R3O,1,QUA2,3,3,1,0,0,G,M,,15.75,0,,0.088,,,,,,,,,,,13.19,1.93,27.1,3.405,1.173,16.032,9.723,-0.815022198179608,-1.09043585586412,-0.816673832559489,-0.852041829068281,2019-03-21T00:00:00Z,,,
QUA2-3,QUA2-1V3O,1,QUA2,3,3,1,0,0,G,M,M,16.59,1,16.12,0.098,0.083,0,0,,,,,,,,13.19,1.93,27.1,3.405,1.173,16.032,9.723,-0.815022198179608,-1.09043585586412,-0.816673832559489,-0.852041829068281,2019-03-21T00:00:00Z,,,
QUA2-3,QUA2-5O8B,1,QUA2,3,3,1,0,0,G,F,F,23.18,1,24.48,0.324,0.371,1,7,30.9946552709949,20.44857143,25.71428571,12.301,0.012301,,,13.19,1.93,27.1,3.405,1.173,16.032,9.723,-0.815022198179608,-1.09043585586412,-0.816673832559489,-0.852041829068281,2019-03-21T00:00:00Z,,,
QUA2-3,QUA2-7O8B,1,QUA2,3,3,1,0,0,G,F,F,16.81,1,16.59,0.111,0.086,1,4,58.08,14.52,23.75,,,,,13.19,1.93,27.1,3.405,1.173,16.032,9.723,-0.815022198179608,-1.09043585586412,-0.816673832559489,-0.852041829068281,2019-03-21T00:00:00Z,,,
