site,ID,Mark,Keep,Location,Pool_1,Pool_2,KG,NK,NG,sp,SL1_mm,mass1_gr,Sex1,surv,SL2_mm,mass2_gr,Sex2,Repr,Recr,Rcsz,N_egg_embryo,egg_mg1,egg_mg2,dry_gr1,dry_gr2,area,volume,canopy,BiomassG1,BiomassG2,BiomassK1,BiomassK2,G1s,G2s,K1s,K2s,Date,Date2,Comments_1,Comments_2
CAI-2,CAI-1B,1B,1,CAI,2,2,0,0,1,K,21.25,0.068,J,1,32.18,0.273,F,1,2,,1,0.739,0.39,0.193,0.178,17.55,1.9,29.7,4.348,1.509,30.6231,20.618,-0.61020327715981,-1.03283320711801,0.1782188481279,-0.252067957790587,2017-04-05,2017-05-03,,
CAI-2,CAI-1B3B,1B3B,1,CAI,2,2,0,0,1,K,43.78,0.747,F,0,,,,,,,,,,,,17.55,1.9,29.7,4.348,1.509,30.6231,20.618,-0.61020327715981,-1.03283320711801,0.1782188481279,-0.252067957790587,2017-04-05,2017-05-03,VERY CLOSE,
CAI-2,CAI-1B3R5B,1B3R5B,1,CAI,2,2,0,0,1,K,59.19,2.082,M,1,60.99,2.251,M,0,0,,,,,,,17.55,1.9,29.7,4.348,1.509,30.6231,20.618,-0.61020327715981,-1.03283320711801,0.1782188481279,-0.252067957790587,2017-04-05,2017-05-03,1B HARD TO SEE,
CAI-2,CAI-1B3R5R,1B3R5R,1,CAI,2,2,0,0,1,K,51.63,1.077,F,1,53.72,1.357,F,1,2,,2,2.524,2.154,0.263,0.249,17.55,1.9,29.7,4.348,1.509,30.6231,20.618,-0.61020327715981,-1.03283320711801,0.1782188481279,-0.252067957790587,2017-04-05,2017-05-03,,
CAI-2,CAI-1B5B,1B5B,1,CAI,2,2,0,0,1,K,31.28,0.273,J,1,32.74,0.287,M,0,0,,,,,0.059,0.055,17.55,1.9,29.7,4.348,1.509,30.6231,20.618,-0.61020327715981,-1.03283320711801,0.1782188481279,-0.252067957790587,2017-04-05,2017-05-03,,
CAI-2,CAI-1G,1G,1,CAI,2,2,0,0,1,K,20.47,0.07,J,1,23.86,0.098,J,0,0,,,,,,,17.55,1.9,29.7,4.348,1.509,30.6231,20.618,-0.61020327715981,-1.03283320711801,0.1782188481279,-0.252067957790587,2017-04-05,2017-05-03,,
CAI-2,CAI-1G3G,1G3G,1,CAI,2,3,0,0,1,K,30.3,0.222,J,1,29.56,0.152,F,1,1,,1,1.717,1.008,0.324,0.311,17.55,1.9,29.7,4.348,1.509,30.6231,20.618,-0.61020327715981,-1.03283320711801,0.1782188481279,-0.252067957790587,2017-04-05,2017-05-03,,
CAI-2,CAI-1R,1R,1,CAI,2,2,0,0,1,K,12.41,0.015,J,0,,,,,,,,,,,,17.55,1.9,29.7,4.348,1.509,30.6231,20.618,-0.61020327715981,-1.03283320711801,0.1782188481279,-0.252067957790587,2017-04-05,2017-05-03,,
CAI-2,CAI-1R3G,1R3G,1,CAI,2,3,0,0,1,K,22.94,0.087,J,1,26.15,0.258,J,0,0,,,,,,,17.55,1.9,29.7,4.348,1.509,30.6231,20.618,-0.61020327715981,-1.03283320711801,0.1782188481279,-0.252067957790587,2017-04-05,2017-05-03,,
CAI-2,CAI-1R3R5B,1R3R5B,1,CAI,2,2,0,0,1,K,62.45,1.6771,F,1,62.26,1.405,F,0,0,,,,,0.269,0.256,17.55,1.9,29.7,4.348,1.509,30.6231,20.618,-0.61020327715981,-1.03283320711801,0.1782188481279,-0.252067957790587,2017-04-05,2017-05-03,,
CAI-2,CAI-1R3R5G,1R3R5G,1,CAI,2,2,0,0,1,K,79.13,4.827,M,0,,,,,,,,,,,,17.55,1.9,29.7,4.348,1.509,30.6231,20.618,-0.61020327715981,-1.03283320711801,0.1782188481279,-0.252067957790587,2017-04-05,2017-05-03,5G small,
CAI-2,CAI-1R3R5O,1R3R5O,1,CAI,2,2,0,0,1,K,80.82,5.168,F,1,81.43,5.163,F,1,15,,14,13.104,10.375,1.097,1.057,17.55,1.9,29.7,4.348,1.509,30.6231,20.618,-0.61020327715981,-1.03283320711801,0.1782188481279,-0.252067957790587,2017-04-05,2017-05-03,,
CAI-2,CAI-1R3R5P,1R3R5P,1,CAI,2,2,0,0,1,K,82.06,4.911,M,0,,,,,,,,,,,,17.55,1.9,29.7,4.348,1.509,30.6231,20.618,-0.61020327715981,-1.03283320711801,0.1782188481279,-0.252067957790587,2017-04-05,2017-05-03,,
CAI-2,CAI-1R3R5R,1R3R5R,1,CAI,2,2,0,0,1,K,81,4,F,1,81.45,3.993,F,0,0,,,,,0.826,0.789,17.55,1.9,29.7,4.348,1.509,30.6231,20.618,-0.61020327715981,-1.03283320711801,0.1782188481279,-0.252067957790587,2017-04-05,2017-05-03,,
CAI-2,CAI-1R3R5W,1R3R5W,1,CAI,2,2,0,0,1,K,67.14,2.886,M,0,,,,,,,,,,,,17.55,1.9,29.7,4.348,1.509,30.6231,20.618,-0.61020327715981,-1.03283320711801,0.1782188481279,-0.252067957790587,2017-04-05,2017-05-03,,
CAI-2,CAI-1R3R5Y,1R3R5Y,1,CAI,2,2,0,0,1,K,67.11,2.485,M,0,,,,,,,,,,,,17.55,1.9,29.7,4.348,1.509,30.6231,20.618,-0.61020327715981,-1.03283320711801,0.1782188481279,-0.252067957790587,2017-04-05,2017-05-03,5Y small,
CAI-2,CAI-3G,3G,1,CAI,2,2,0,0,1,K,16.46,0.028,J,0,,,,,,,,,,,,17.55,1.9,29.7,4.348,1.509,30.6231,20.618,-0.61020327715981,-1.03283320711801,0.1782188481279,-0.252067957790587,2017-04-05,2017-05-03,,
CAI-3,CAI-1B3G,1B3G,1,CAI,3,3,1,0,0,K,21.95,0.079,J,0,,,,,,,,,,,,15.74,2.24,25,12.696,10.739,19.17,18.779,1.20297631210134,0.54952526885392,-0.602709619306408,-0.353339362038377,2017-04-05,2017-05-03,,
CAI-3,CAI-1G3B,1G3B,1,CAI,3,3,1,0,0,K,62.2,2.216,M,1,63.81,2.371,M,0,0,,,,,,,15.74,2.24,25,12.696,10.739,19.17,18.779,1.20297631210134,0.54952526885392,-0.602709619306408,-0.353339362038377,2017-04-05,2017-05-03,,
CAI-3,CAI-1G3R,1G3R,1,CAI,3,3,1,0,0,K,55.06,1.476,F,1,56.21,1.308,F,0,0,,,,,,,15.74,2.24,25,12.696,10.739,19.17,18.779,1.20297631210134,0.54952526885392,-0.602709619306408,-0.353339362038377,2017-04-05,2017-05-03,,
CAI-3,CAI-1G3Y,1G3Y,1,CAI,3,3,1,0,0,K,54.21,1.421,F,1,56.61,1.615,F,0,0,,,,,,,15.74,2.24,25,12.696,10.739,19.17,18.779,1.20297631210134,0.54952526885392,-0.602709619306408,-0.353339362038377,2017-04-05,2017-05-03,,
CAI-3,CAI-1P3G,1P3G,1,CAI,3,3,1,0,0,K,23.68,0.115,J,0,,,,,,,,,,,,15.74,2.24,25,12.696,10.739,19.17,18.779,1.20297631210134,0.54952526885392,-0.602709619306408,-0.353339362038377,2017-04-05,2017-05-03,,
CAI-3,CAI-1R3B,1R3B,1,CAI,3,3,1,0,0,K,41.41,0.522,M,0,,,,,,,,,,,,15.74,2.24,25,12.696,10.739,19.17,18.779,1.20297631210134,0.54952526885392,-0.602709619306408,-0.353339362038377,2017-04-05,2017-05-03,,
CAI-3,CAI-1Y3B,1Y3B,1,CAI,3,3,1,0,0,K,85.61,5.125,M,1,85.37,5.035,M,,,,,,,,,15.74,2.24,25,12.696,10.739,19.17,18.779,1.20297631210134,0.54952526885392,-0.602709619306408,-0.353339362038377,2017-04-05,2017-05-03,,
CAI-3,CAI-1Y3G,1Y3G,1,CAI,3,3,1,0,0,K,70.57,3.238,M,1,69.62,2.961,M,0,0,,,,,,,15.74,2.24,25,12.696,10.739,19.17,18.779,1.20297631210134,0.54952526885392,-0.602709619306408,-0.353339362038377,2017-04-05,2017-05-03,,
CAI-3,CAI-1Y3R,1Y3R,1,CAI,3,3,1,0,0,K,47.08,0.883,M,1,49.41,1.001,M,0,0,,,,,,,15.74,2.24,25,12.696,10.739,19.17,18.779,1.20297631210134,0.54952526885392,-0.602709619306408,-0.353339362038377,2017-04-05,2017-05-03,,
CAI-3,CAI-1Y3Y,1Y3Y,1,CAI,3,3,1,0,0,K,78.9,3.933,M,0,,,,,,,,,,,,15.74,2.24,25,12.696,10.739,19.17,18.779,1.20297631210134,0.54952526885392,-0.602709619306408,-0.353339362038377,2017-04-05,2017-05-03,,
CAI-3,CAI-3P,3P,1,CAI,3,3,1,0,0,K,16.65,0.035,J,0,,,,,,,,,,,,15.74,2.24,25,12.696,10.739,19.17,18.779,1.20297631210134,0.54952526885392,-0.602709619306408,-0.353339362038377,2017-04-05,2017-05-03,,
NAR-2,NAR-1B,1B,1,NAR,2,2,0,0,1,K,22,0.092,J,0,,,,,,,,,,,,9.55,1.5,33.1,17.673,19.138,18.13,17.788,2.28397712855471,1.989420051052,-0.673621914329736,-0.407912478737431,2017-04-19,2017-05-16,,
NAR-2,NAR-1B3B,1B3B,1,NAR,2,2,0,0,1,K,46,0.765,M,0,,,,,,,,,,,,9.55,1.5,33.1,17.673,19.138,18.13,17.788,2.28397712855471,1.989420051052,-0.673621914329736,-0.407912478737431,2017-04-19,2017-05-16,,
NAR-2,NAR-1B5B,1B5B,1,NAR,2,2,0,0,1,K,40.5,0.544,M,0,,,,,,,,,,,,9.55,1.5,33.1,17.673,19.138,18.13,17.788,2.28397712855471,1.989420051052,-0.673621914329736,-0.407912478737431,2017-04-19,2017-05-16,,
NAR-2,NAR-1B7B,1B7B,1,NAR,2,2,0,0,1,K,30,0.218,J,1,36.66,0.396,M,0,0,,,,,,,9.55,1.5,33.1,17.673,19.138,18.13,17.788,2.28397712855471,1.989420051052,-0.673621914329736,-0.407912478737431,2017-04-19,2017-05-16,,
NAR-2,NAR-1O,1O,1,NAR,2,2,0,0,1,K,23.5,0.102,J,1,31.1,0.233,F,1,3,,3,4.2,3.637,0.284,0.277,9.55,1.5,33.1,17.673,19.138,18.13,17.788,2.28397712855471,1.989420051052,-0.673621914329736,-0.407912478737431,2017-04-19,2017-05-16,,
NAR-2,NAR-1O3O,1O3O,1,NAR,2,2,0,0,1,K,50,1.108,M,1,51.57,1.252,M,0,0,,,,,,,9.55,1.5,33.1,17.673,19.138,18.13,17.788,2.28397712855471,1.989420051052,-0.673621914329736,-0.407912478737431,2017-04-19,2017-05-16,,
NAR-2,NAR-1O5O,1O5O,1,NAR,2,2,0,0,1,K,49,0.9,F,1,52.86,1.17,F,0,0,,,,,0.241,0.234,9.55,1.5,33.1,17.673,19.138,18.13,17.788,2.28397712855471,1.989420051052,-0.673621914329736,-0.407912478737431,2017-04-19,2017-05-16,,
NAR-2,NAR-1O7O,1O7O,1,NAR,2,2,0,0,1,K,31,0.231,J,1,34.6,0.319,J,0,0,,,,,,,9.55,1.5,33.1,17.673,19.138,18.13,17.788,2.28397712855471,1.989420051052,-0.673621914329736,-0.407912478737431,2017-04-19,2017-05-16,,
NAR-2,NAR-1R,1R,1,NAR,2,2,0,0,1,K,24,0.105,J,1,32.72,0.31,J,0,0,,,,,0.057,0.051,9.55,1.5,33.1,17.673,19.138,18.13,17.788,2.28397712855471,1.989420051052,-0.673621914329736,-0.407912478737431,2017-04-19,2017-05-16,,
NAR-2,NAR-1R3R,1R3R,1,NAR,2,2,0,0,1,K,72,3.562,F,1,74.4,,F,1,3,,3,4.424,3.998,0.821,0.804,9.55,1.5,33.1,17.673,19.138,18.13,17.788,2.28397712855471,1.989420051052,-0.673621914329736,-0.407912478737431,2017-04-19,2017-05-16,,
NAR-2,NAR-1R5R,1R5R,1,NAR,2,2,0,0,1,K,71,3.367,F,0,,,,,,,,,,0.096,0.09,9.55,1.5,33.1,17.673,19.138,18.13,17.788,2.28397712855471,1.989420051052,-0.673621914329736,-0.407912478737431,2017-04-19,2017-05-16,,
NAR-2,NAR-1R7R,1R7R,1,NAR,2,2,0,0,1,K,35,0.338,M,1,38.4,0.455,M,0,0,,,,,,,9.55,1.5,33.1,17.673,19.138,18.13,17.788,2.28397712855471,1.989420051052,-0.673621914329736,-0.407912478737431,2017-04-19,2017-05-16,,
NAR-2,NAR-1V,1V,1,NAR,2,2,0,0,1,K,16.18,0.047,J,0,,,,,,,,,,,,9.55,1.5,33.1,17.673,19.138,18.13,17.788,2.28397712855471,1.989420051052,-0.673621914329736,-0.407912478737431,2017-04-19,2017-05-16,,
NAR-2,NAR-1Y3Y,1Y3Y,1,NAR,2,2,0,0,1,K,46,0.826,F,1,48.19,0.984,F,0,0,,,,,,,9.55,1.5,33.1,17.673,19.138,18.13,17.788,2.28397712855471,1.989420051052,-0.673621914329736,-0.407912478737431,2017-04-19,2017-05-16,,
NAR-2,NAR-1Y5Y,1Y5Y,1,NAR,2,2,0,0,1,K,42,0.638,F,1,44.99,0.749,F,0,0,,,,,0.151,0.14,9.55,1.5,33.1,17.673,19.138,18.13,17.788,2.28397712855471,1.989420051052,-0.673621914329736,-0.407912478737431,2017-04-19,2017-05-16,,
NAR-2,NAR-1Y7Y,1Y7Y,1,NAR,2,2,0,0,1,K,44.5,0.731,M,0,,,,,,,,,,,,9.55,1.5,33.1,17.673,19.138,18.13,17.788,2.28397712855471,1.989420051052,-0.673621914329736,-0.407912478737431,2017-04-19,2017-05-16,,
NAR-2,NAR-3B7B,3B7B,1,NAR,2,2,0,0,1,K,28,0.19,J,0,,,,,,,,,,,,9.55,1.5,33.1,17.673,19.138,18.13,17.788,2.28397712855471,1.989420051052,-0.673621914329736,-0.407912478737431,2017-04-19,2017-05-16,,
NAR-2,NAR-3O5O,3O5O,1,NAR,2,2,0,0,1,K,36,0.359,M,0,,,,,,,,,,,,9.55,1.5,33.1,17.673,19.138,18.13,17.788,2.28397712855471,1.989420051052,-0.673621914329736,-0.407912478737431,2017-04-19,2017-05-16,,
NAR-2,NAR-3O7O,3O7O,1,NAR,2,2,0,0,1,K,29,0.199,J,0,,,,,,,,,,,,9.55,1.5,33.1,17.673,19.138,18.13,17.788,2.28397712855471,1.989420051052,-0.673621914329736,-0.407912478737431,2017-04-19,2017-05-16,,
NAR-2,NAR-3R5B,3R5B,1,NAR,2,2,0,0,1,K,25.6,0.145,J,0,,,,,,,,,,,,9.55,1.5,33.1,17.673,19.138,18.13,17.788,2.28397712855471,1.989420051052,-0.673621914329736,-0.407912478737431,2017-04-19,2017-05-16,,
NAR-2,NAR-3R5R,3R5R,1,NAR,2,2,0,0,1,K,45.5,0.846,M,1,48.74,0.982,M,0,0,,,,,,,9.55,1.5,33.1,17.673,19.138,18.13,17.788,2.28397712855471,1.989420051052,-0.673621914329736,-0.407912478737431,2017-04-19,2017-05-16,,
NAR-2,NAR-3R7R,3R7R,1,NAR,2,2,0,0,1,K,27.5,0.159,J,0,,,,,,,,,,,,9.55,1.5,33.1,17.673,19.138,18.13,17.788,2.28397712855471,1.989420051052,-0.673621914329736,-0.407912478737431,2017-04-19,2017-05-16,,
NAR-2,NAR-3V,3V,1,NAR,2,2,0,0,1,K,22.64,0.103,J,0,,,,,,,,,,,,9.55,1.5,33.1,17.673,19.138,18.13,17.788,2.28397712855471,1.989420051052,-0.673621914329736,-0.407912478737431,2017-04-19,2017-05-16,,
NAR-2,NAR-3Y5Y,3Y5Y,1,NAR,2,1,0,0,1,K,40,0.6,M,1,45.64,0.905,M,0,0,,,,,,,9.55,1.5,33.1,17.673,19.138,18.13,17.788,2.28397712855471,1.989420051052,-0.673621914329736,-0.407912478737431,2017-04-19,2017-05-16,,
NAR-2,NAR-3Y7Y,3Y7Y,1,NAR,2,2,0,0,1,K,34.5,0.316,F,1,38.72,0.475,F,0,0,,,,,0.097,0.088,9.55,1.5,33.1,17.673,19.138,18.13,17.788,2.28397712855471,1.989420051052,-0.673621914329736,-0.407912478737431,2017-04-19,2017-05-16,,
NAR-2,NAR-5B7B,5B7B,1,NAR,2,2,0,0,1,K,29,0.19,J,0,,,,,,,,,,,,9.55,1.5,33.1,17.673,19.138,18.13,17.788,2.28397712855471,1.989420051052,-0.673621914329736,-0.407912478737431,2017-04-19,2017-05-16,,
NAR-2,NAR-5O7O,5O7O,1,NAR,2,2,0,0,1,K,53,1.363,F,1,54.76,1.402,F,1,4,,,,,,,9.55,1.5,33.1,17.673,19.138,18.13,17.788,2.28397712855471,1.989420051052,-0.673621914329736,-0.407912478737431,2017-04-19,2017-05-16,,5O MISSING
NAR-2,NAR-5R7R,5R7R,1,NAR,2,2,0,0,1,K,23,0.086,J,0,,,,,,,,,,,,9.55,1.5,33.1,17.673,19.138,18.13,17.788,2.28397712855471,1.989420051052,-0.673621914329736,-0.407912478737431,2017-04-19,2017-05-16,,
NAR-3,NAR-1B3Y,1B3Y,1,NAR,3,3,1,0,0,K,79,4.468,F,0,,,,,,,,,,,,5.58,0.84,35.4,8.85099999999999,9.479,23.292,19.833,0.367845080583715,0.33351533605602,-0.321651465377409,-0.295296915014358,2017-04-19,2017-05-16,,
NAR-3,NAR-1B5Y,1B5Y,1,NAR,3,3,1,0,0,K,77,1.903,M,1,78.39,4.732,M,0,0,,,,,,,5.58,0.84,35.4,8.85099999999999,9.479,23.292,19.833,0.367845080583715,0.33351533605602,-0.321651465377409,-0.295296915014358,2017-04-19,2017-05-16,,
NAR-3,NAR-1B7Y,1B7Y,1,NAR,3,3,1,0,0,K,55.5,1.548,M,0,,,,,,,,,,,,5.58,0.84,35.4,8.85099999999999,9.479,23.292,19.833,0.367845080583715,0.33351533605602,-0.321651465377409,-0.295296915014358,2017-04-19,2017-05-16,,
NAR-3,NAR-1B9Y,1B9Y,1,NAR,3,3,1,0,0,K,34,0.336,M,1,36.91,0.439,M,0,0,,,,,0.092,0.083,5.58,0.84,35.4,8.85099999999999,9.479,23.292,19.833,0.367845080583715,0.33351533605602,-0.321651465377409,-0.295296915014358,2017-04-19,2017-05-16,,
NAR-3,NAR-1R3O,1R3O,1,NAR,3,3,1,0,0,K,78.5,2.826,F,1,79.04,3.18,F,1,5,,5,7.122,6.527,0.674,0.622,5.58,0.84,35.4,8.85099999999999,9.479,23.292,19.833,0.367845080583715,0.33351533605602,-0.321651465377409,-0.295296915014358,2017-04-19,2017-05-16,,
NAR-3,NAR-1R5O,1R5O,1,NAR,3,3,1,0,0,K,58.5,4.252,M,0,,,M,,,,,,,,,5.58,0.84,35.4,8.85099999999999,9.479,23.292,19.833,0.367845080583715,0.33351533605602,-0.321651465377409,-0.295296915014358,2017-04-19,2017-05-16,,
NAR-3,NAR-1R5Y,1R5Y,1,NAR,3,3,1,0,0,K,34,0.308,F,0,,,,,,,,,,,,5.58,0.84,35.4,8.85099999999999,9.479,23.292,19.833,0.367845080583715,0.33351533605602,-0.321651465377409,-0.295296915014358,2017-04-19,2017-05-16,,
NAR-3,NAR-1R7O,1R7O,1,NAR,3,3,1,0,0,K,52.5,1.237,F,1,54.05,1.394,F,0,0,,,,,0.281,0.267,5.58,0.84,35.4,8.85099999999999,9.479,23.292,19.833,0.367845080583715,0.33351533605602,-0.321651465377409,-0.295296915014358,2017-04-19,2017-05-16,,
NAR-3,NAR-1R7Y,1R7Y,1,NAR,3,3,1,0,0,K,40,0.55,F,1,43.51,0.731,F,1,7,,7,6.976,6.025,0.147,0.137,5.58,0.84,35.4,8.85099999999999,9.479,23.292,19.833,0.367845080583715,0.33351533605602,-0.321651465377409,-0.295296915014358,2017-04-19,2017-05-16,,
NAR-3,NAR-1Y,1Y,1,NAR,3,3,1,0,0,K,24,0.115,J,0,,,,,,,,,,,,5.58,0.84,35.4,8.85099999999999,9.479,23.292,19.833,0.367845080583715,0.33351533605602,-0.321651465377409,-0.295296915014358,2017-04-19,2017-05-16,,
NAR-3,NAR-3B5Y,3B5Y,1,NAR,3,3,1,0,0,K,38,0.485,M,1,41.6,0.63,M,0,0,,,,,,,5.58,0.84,35.4,8.85099999999999,9.479,23.292,19.833,0.367845080583715,0.33351533605602,-0.321651465377409,-0.295296915014358,2017-04-19,2017-05-16,,
NAR-3,NAR-3B7Y,3B7Y,1,NAR,3,3,1,0,0,K,40,0.577,M,1,44.47,0.758,M,0,0,,,,,,,5.58,0.84,35.4,8.85099999999999,9.479,23.292,19.833,0.367845080583715,0.33351533605602,-0.321651465377409,-0.295296915014358,2017-04-19,2017-05-16,,
NAR-3,NAR-3B9Y,3B9Y,1,NAR,3,3,1,0,0,K,44.5,0.782,M,0,,,,,,,,,,,,5.58,0.84,35.4,8.85099999999999,9.479,23.292,19.833,0.367845080583715,0.33351533605602,-0.321651465377409,-0.295296915014358,2017-04-19,2017-05-16,,
NAR-3,NAR-3O,3O,1,NAR,3,3,1,0,0,K,21,0.063,J,0,,,,,,,,,,,,5.58,0.84,35.4,8.85099999999999,9.479,23.292,19.833,0.367845080583715,0.33351533605602,-0.321651465377409,-0.295296915014358,2017-04-19,2017-05-16,,
NAR-3,NAR-3R5O,3R5O,1,NAR,3,3,1,0,0,K,44,0.757,F,1,48.67,1.024,F,0,0,,,,,0.21,0.2,5.58,0.84,35.4,8.85099999999999,9.479,23.292,19.833,0.367845080583715,0.33351533605602,-0.321651465377409,-0.295296915014358,2017-04-19,2017-05-16,,
NAR-3,NAR-3R7O,3R7O,1,NAR,3,3,1,0,0,K,29.5,0.215,M,1,33.49,0.319,M,0,0,,,,,,,5.58,0.84,35.4,8.85099999999999,9.479,23.292,19.833,0.367845080583715,0.33351533605602,-0.321651465377409,-0.295296915014358,2017-04-19,2017-05-16,,
NAR-3,NAR-5B7Y,5B7Y,1,NAR,3,3,1,0,0,K,44,0.674,M,0,,,,,,,,,,,,5.58,0.84,35.4,8.85099999999999,9.479,23.292,19.833,0.367845080583715,0.33351533605602,-0.321651465377409,-0.295296915014358,2017-04-19,2017-05-16,,
NAR-3,NAR-5B9Y,5B9Y,1,NAR,3,3,1,0,0,K,44.5,0.708,F,1,48.35,0.964,F,0,0,,,,,0.194,0.182,5.58,0.84,35.4,8.85099999999999,9.479,23.292,19.833,0.367845080583715,0.33351533605602,-0.321651465377409,-0.295296915014358,2017-04-19,2017-05-16,,
NAR-3,NAR-5O,5O,1,NAR,3,3,1,0,0,K,22,0.093,J,1,30.87,0.243,J,0,0,,,,,,,5.58,0.84,35.4,8.85099999999999,9.479,23.292,19.833,0.367845080583715,0.33351533605602,-0.321651465377409,-0.295296915014358,2017-04-19,2017-05-16,,
NAR-3,NAR-5R7O,5R7O,1,NAR,3,3,1,0,0,K,39.5,0.502,M,1,41.66,0.64,M,0,0,,,,,0.066,0.063,5.58,0.84,35.4,8.85099999999999,9.479,23.292,19.833,0.367845080583715,0.33351533605602,-0.321651465377409,-0.295296915014358,2017-04-19,2017-05-16,,
NAR-3,NAR-5R9O,5R9O,1,NAR,3,3,1,0,0,K,44,0.781,F,1,47.38,0.955,F,0,0,,,,,0.198,0.186,5.58,0.84,35.4,8.85099999999999,9.479,23.292,19.833,0.367845080583715,0.33351533605602,-0.321651465377409,-0.295296915014358,2017-04-19,2017-05-16,,
NAR-3,NAR-5Y,5Y,1,NAR,3,3,1,0,0,K,24,0.112,J,1,32.66,0.278,J,0,0,,,,,0.054,0.05,5.58,0.84,35.4,8.85099999999999,9.479,23.292,19.833,0.367845080583715,0.33351533605602,-0.321651465377409,-0.295296915014358,2017-04-19,2017-05-16,,
QUA-1,QUA-1B3B,1B3B,1,QUA,1,1,1,0,0,K,43.28,0.63,M,1,45.12,0.767,M,0,0,,,,,,,12.61,2.51,26.1,4.906,6.623,43.65,55.135,-0.489006078931765,-0.156107178285891,1.06645670970424,1.64873957914307,2017-04-11,2017-05-10,,
QUA-1,QUA-1B5B,1B5B,1,QUA,1,1,1,0,0,K,41.23,0.5,M,0,,,,,,,,,,,,12.61,2.51,26.1,4.906,6.623,43.65,55.135,-0.489006078931765,-0.156107178285891,1.06645670970424,1.64873957914307,2017-04-11,2017-05-10,,
QUA-1,QUA-1B7B,1B7B,1,QUA,1,1,1,0,0,K,33.31,0.33,M,1,36.19,0.432,M,0,0,,,,,,,12.61,2.51,26.1,4.906,6.623,43.65,55.135,-0.489006078931765,-0.156107178285891,1.06645670970424,1.64873957914307,2017-04-11,2017-05-10,,
QUA-1,QUA-1G,1G,1,QUA,1,1,1,0,0,K,16.51,0.04,J,1,18.32,0.049,J,0,0,,,,,,,12.61,2.51,26.1,4.906,6.623,43.65,55.135,-0.489006078931765,-0.156107178285891,1.06645670970424,1.64873957914307,2017-04-11,2017-05-10,? POOL,
QUA-1,QUA-1G3G,1G3G,1,QUA,1,1,1,0,0,K,42.3,0.58,M,1,42,0.613,M,0,0,,,,,,,12.61,2.51,26.1,4.906,6.623,43.65,55.135,-0.489006078931765,-0.156107178285891,1.06645670970424,1.64873957914307,2017-04-11,2017-05-10,,
QUA-1,QUA-1G5G,1G5G,1,QUA,1,1,1,0,0,K,48.79,1.02,M,1,49.06,1.025,M,0,0,,,,,,,12.61,2.51,26.1,4.906,6.623,43.65,55.135,-0.489006078931765,-0.156107178285891,1.06645670970424,1.64873957914307,2017-04-11,2017-05-10,,
QUA-1,QUA-1G7G,1G7G,1,QUA,1,1,1,0,0,K,38.81,0.51,F,0,,,,,,,,,,,,12.61,2.51,26.1,4.906,6.623,43.65,55.135,-0.489006078931765,-0.156107178285891,1.06645670970424,1.64873957914307,2017-04-11,2017-05-10,DEAD,
QUA-1,QUA-1P,1P,1,QUA,1,1,1,0,0,K,20.3,0.07,J,0,,,,,,,,,,,,12.61,2.51,26.1,4.906,6.623,43.65,55.135,-0.489006078931765,-0.156107178285891,1.06645670970424,1.64873957914307,2017-04-11,2017-05-10,,
QUA-1,QUA-1P3O,1P3O,1,QUA,1,1,1,0,0,K,51.74,1.14,F,1,51.5,1.167,F,0,0,,,,,,,12.61,2.51,26.1,4.906,6.623,43.65,55.135,-0.489006078931765,-0.156107178285891,1.06645670970424,1.64873957914307,2017-04-11,2017-05-10,,
QUA-1,QUA-1P3P,1P3P,1,QUA,1,1,1,0,0,K,49.34,1.02,M,1,50.12,1.059,M,0,0,,,,,,,12.61,2.51,26.1,4.906,6.623,43.65,55.135,-0.489006078931765,-0.156107178285891,1.06645670970424,1.64873957914307,2017-04-11,2017-05-10,1p small,
QUA-1,QUA-1P5P,1P5P,1,QUA,1,1,1,0,0,K,53.93,1.31,M,0,,,,,,,,,,,,12.61,2.51,26.1,4.906,6.623,43.65,55.135,-0.489006078931765,-0.156107178285891,1.06645670970424,1.64873957914307,2017-04-11,2017-05-10,1p small,
QUA-1,QUA-1P7P,1P7P,1,QUA,1,1,1,0,0,K,72,3.38,F,0,,,,,,,,,,,,12.61,2.51,26.1,4.906,6.623,43.65,55.135,-0.489006078931765,-0.156107178285891,1.06645670970424,1.64873957914307,2017-04-11,2017-05-10,,
QUA-1,QUA-1R,1R,1,QUA,1,1,1,0,0,K,26.09,0.14,F,0,,,,,,,,,,,,12.61,2.51,26.1,4.906,6.623,43.65,55.135,-0.489006078931765,-0.156107178285891,1.06645670970424,1.64873957914307,2017-04-11,2017-05-10,,
QUA-1,QUA-1R3R,1R3R,1,QUA,1,1,1,0,0,K,42.94,0.64,F,1,45.47,0.831,F,0,0,,,,,0.232,0.153,12.61,2.51,26.1,4.906,6.623,43.65,55.135,-0.489006078931765,-0.156107178285891,1.06645670970424,1.64873957914307,2017-04-11,2017-05-10,,
QUA-1,QUA-1R5R,1R5R,1,QUA,1,1,1,0,0,K,37.49,0.43,F,0,,,,,,,,,,,,12.61,2.51,26.1,4.906,6.623,43.65,55.135,-0.489006078931765,-0.156107178285891,1.06645670970424,1.64873957914307,2017-04-11,2017-05-10,,
QUA-1,QUA-1R7R,1R7R,1,QUA,1,1,1,0,0,K,36.85,0.36,M,1,38.97,0.465,M,0,0,,,,,,,12.61,2.51,26.1,4.906,6.623,43.65,55.135,-0.489006078931765,-0.156107178285891,1.06645670970424,1.64873957914307,2017-04-11,2017-05-10,,
QUA-1,QUA-1S3S5B,1S3S5B,1,QUA,1,1,1,0,0,K,63.52,1.91,M,0,,,,,,,,,,,,12.61,2.51,26.1,4.906,6.623,43.65,55.135,-0.489006078931765,-0.156107178285891,1.06645670970424,1.64873957914307,2017-04-11,2017-05-10,1s3s faint,
QUA-1,QUA-1V3V,1V3V,1,QUA,1,1,1,0,0,K,48.57,0.93,F,1,50.64,1.127,F,0,0,,,,,,,12.61,2.51,26.1,4.906,6.623,43.65,55.135,-0.489006078931765,-0.156107178285891,1.06645670970424,1.64873957914307,2017-04-11,2017-05-10,,
QUA-1,QUA-1V5V,1V5V,1,QUA,1,1,1,0,0,K,40.25,0.54,F,1,39.19,0.502,F,0,0,,,,,0.098,0.09,12.61,2.51,26.1,4.906,6.623,43.65,55.135,-0.489006078931765,-0.156107178285891,1.06645670970424,1.64873957914307,2017-04-11,2017-05-10,,
QUA-1,QUA-1V7V,1V7V,1,QUA,1,1,1,0,0,K,40.77,0.54,F,1,41.95,0.583,F,0,0,,,,,0.121,0.114,12.61,2.51,26.1,4.906,6.623,43.65,55.135,-0.489006078931765,-0.156107178285891,1.06645670970424,1.64873957914307,2017-04-11,2017-05-10,,
QUA-1,QUA-1Y3Y,1Y3Y,1,QUA,1,1,1,0,0,K,89.45,6.51,F,1,89.33,6.448,F,0,0,,,,,1.389,1.331,12.61,2.51,26.1,4.906,6.623,43.65,55.135,-0.489006078931765,-0.156107178285891,1.06645670970424,1.64873957914307,2017-04-11,2017-05-10,3y difficult to see,
QUA-1,QUA-1Y5Y,1Y5Y,1,QUA,1,1,1,0,0,K,49.65,0.97,F,1,50.39,1.034,F,0,0,,,,,0.209,0.192,12.61,2.51,26.1,4.906,6.623,43.65,55.135,-0.489006078931765,-0.156107178285891,1.06645670970424,1.64873957914307,2017-04-11,2017-05-10,,
QUA-1,QUA-1Y7Y,1Y7Y,1,QUA,1,1,1,0,0,K,81.45,5.05,F,1,81.11,5.071,F,1,8,,13,6.865,5.337,1.091,1.076,12.61,2.51,26.1,4.906,6.623,43.65,55.135,-0.489006078931765,-0.156107178285891,1.06645670970424,1.64873957914307,2017-04-11,2017-05-10,,
QUA-1,QUA-3B,3B,1,QUA,1,1,1,0,0,K,18.41,0.02,J,0,,,,,,,,,,,,12.61,2.51,26.1,4.906,6.623,43.65,55.135,-0.489006078931765,-0.156107178285891,1.06645670970424,1.64873957914307,2017-04-11,2017-05-10,,
QUA-1,QUA-3B5B,3B5B,1,QUA,1,1,1,0,0,K,47.8,0.96,M,1,49.5,1.017,M,0,0,,,,,,,12.61,2.51,26.1,4.906,6.623,43.65,55.135,-0.489006078931765,-0.156107178285891,1.06645670970424,1.64873957914307,2017-04-11,2017-05-10,,
QUA-1,QUA-3B7B,3B7B,1,QUA,1,1,1,0,0,K,55.65,1.35,F,0,,,,,,,,,,,,12.61,2.51,26.1,4.906,6.623,43.65,55.135,-0.489006078931765,-0.156107178285891,1.06645670970424,1.64873957914307,2017-04-11,2017-05-10,,
QUA-1,QUA-3G5G,3G5G,1,QUA,1,1,1,0,0,K,51.89,1.2,F,1,52.9,1.248,F,0,0,,,,,0.254,0.238,12.61,2.51,26.1,4.906,6.623,43.65,55.135,-0.489006078931765,-0.156107178285891,1.06645670970424,1.64873957914307,2017-04-11,2017-05-10,,
QUA-1,QUA-3P,3P,1,QUA,1,1,1,0,0,K,19.54,0.05,J,0,,,,,,,,,,,,12.61,2.51,26.1,4.906,6.623,43.65,55.135,-0.489006078931765,-0.156107178285891,1.06645670970424,1.64873957914307,2017-04-11,2017-05-10,,
QUA-1,QUA-3P5P,3P5P,1,QUA,1,1,1,0,0,K,55.44,1.36,M,1,55.11,1.428,M,0,0,,,,,,,12.61,2.51,26.1,4.906,6.623,43.65,55.135,-0.489006078931765,-0.156107178285891,1.06645670970424,1.64873957914307,2017-04-11,2017-05-10,,
QUA-1,QUA-3P7P,3P7P,1,QUA,1,1,1,0,0,K,48.02,0.95,F,1,48.18,0.95,F,0,0,,,,,0.198,0.181,12.61,2.51,26.1,4.906,6.623,43.65,55.135,-0.489006078931765,-0.156107178285891,1.06645670970424,1.64873957914307,2017-04-11,2017-05-10,,
QUA-1,QUA-3R,3R,1,QUA,1,1,1,0,0,K,18.04,0.04,J,0,,,,,,,,,,,,12.61,2.51,26.1,4.906,6.623,43.65,55.135,-0.489006078931765,-0.156107178285891,1.06645670970424,1.64873957914307,2017-04-11,2017-05-10,,
QUA-1,QUA-3R5R,3R5R,1,QUA,1,1,1,0,0,K,35.33,0.34,M,1,36.41,0.408,M,0,0,,,,,,,12.61,2.51,26.1,4.906,6.623,43.65,55.135,-0.489006078931765,-0.156107178285891,1.06645670970424,1.64873957914307,2017-04-11,2017-05-10,,
QUA-1,QUA-3R7R,3R7R,1,QUA,1,1,1,0,0,K,34.8,0.33,F,1,36.71,0.473,F,0,0,,,,,0.089,0.084,12.61,2.51,26.1,4.906,6.623,43.65,55.135,-0.489006078931765,-0.156107178285891,1.06645670970424,1.64873957914307,2017-04-11,2017-05-10,,
QUA-1,QUA-3V5V,3V5V,1,QUA,1,1,1,0,0,K,34.17,0.31,M,1,35.74,0.394,M,0,0,,,,,,,12.61,2.51,26.1,4.906,6.623,43.65,55.135,-0.489006078931765,-0.156107178285891,1.06645670970424,1.64873957914307,2017-04-11,2017-05-10,,
QUA-1,QUA-3Y5Y,3Y5Y,1,QUA,1,1,1,0,0,K,51.32,1.11,F,1,51.62,1.162,F,0,0,,,,,,,12.61,2.51,26.1,4.906,6.623,43.65,55.135,-0.489006078931765,-0.156107178285891,1.06645670970424,1.64873957914307,2017-04-11,2017-05-10,,
QUA-1,QUA-3Y7Y,3Y7Y,1,QUA,1,1,1,0,0,K,68.38,3.02,F,1,68.16,2.863,F,0,0,,,,,0.583,0.562,12.61,2.51,26.1,4.906,6.623,43.65,55.135,-0.489006078931765,-0.156107178285891,1.06645670970424,1.64873957914307,2017-04-11,2017-05-10,3y difficult to see,
QUA-1,QUA-5B7B,5B7B,1,QUA,1,1,1,0,0,K,49.47,1.07,M,1,50,1.143,M,0,0,,,,,,,12.61,2.51,26.1,4.906,6.623,43.65,55.135,-0.489006078931765,-0.156107178285891,1.06645670970424,1.64873957914307,2017-04-11,2017-05-10,,
QUA-1,QUA-5O7O,5O7O,1,QUA,1,1,1,0,0,K,23.79,0.09,J,1,26.79,0.155,J,0,0,,,,,,,12.61,2.51,26.1,4.906,6.623,43.65,55.135,-0.489006078931765,-0.156107178285891,1.06645670970424,1.64873957914307,2017-04-11,2017-05-10,? POOL,
QUA-1,QUA-5P7P,5P7P,1,QUA,1,1,1,0,0,K,41.04,0.53,F,1,43.12,0.681,F,0,0,,,,,0.133,0.125,12.61,2.51,26.1,4.906,6.623,43.65,55.135,-0.489006078931765,-0.156107178285891,1.06645670970424,1.64873957914307,2017-04-11,2017-05-10,5p+7p close together,
QUA-1,QUA-5R,5R,1,QUA,1,1,1,0,0,K,22.31,0.09,J,1,27.28,0.178,J,0,0,,,,,,,12.61,2.51,26.1,4.906,6.623,43.65,55.135,-0.489006078931765,-0.156107178285891,1.06645670970424,1.64873957914307,2017-04-11,2017-05-10,,
QUA-1,QUA-5R7R,5R7R,1,QUA,1,1,1,0,0,K,47.96,0.96,M,0,,,,,,,,,,,,12.61,2.51,26.1,4.906,6.623,43.65,55.135,-0.489006078931765,-0.156107178285891,1.06645670970424,1.64873957914307,2017-04-11,2017-05-10,,
QUA-1,QUA-5Y7Y,5Y7Y,1,QUA,1,1,1,0,0,K,53.75,1.32,M,1,53.6,1.3,M,0,0,,,,,,,12.61,2.51,26.1,4.906,6.623,43.65,55.135,-0.489006078931765,-0.156107178285891,1.06645670970424,1.64873957914307,2017-04-11,2017-05-10,,
QUA-3,QUA-1B,1B,1,QUA,3,3,0,0,1,K,14.15,0.02,J,0,,,,,,,,,,,,15.2,3.5,21.9,6.3,0.511,63.423,69.239,-0.18623028264163,-1.20392678881032,2.41467671883527,2.42542902205272,2017-04-11,2017-05-10,DEAD,
QUA-3,QUA-1G3O,1G3O,1,QUA,3,3,0,0,1,K,42.55,0.65,M,1,43.35,0.687,M,0,0,,,,,,,15.2,3.5,21.9,6.3,0.511,63.423,69.239,-0.18623028264163,-1.20392678881032,2.41467671883527,2.42542902205272,2017-04-11,2017-05-10,,
QUA-3,QUA-1G5O,1G5O,1,QUA,3,3,0,0,1,K,47.96,0.93,M,1,47.96,1.011,M,0,0,,,,,,,15.2,3.5,21.9,6.3,0.511,63.423,69.239,-0.18623028264163,-1.20392678881032,2.41467671883527,2.42542902205272,2017-04-11,2017-05-10,,
QUA-3,QUA-1G7O,1G7O,1,QUA,3,3,0,0,1,K,38.26,0.44,M,1,39.08,0.506,M,0,0,,,,,,,15.2,3.5,21.9,6.3,0.511,63.423,69.239,-0.18623028264163,-1.20392678881032,2.41467671883527,2.42542902205272,2017-04-11,2017-05-10,,
QUA-3,QUA-1O3G,1O3G,1,QUA,3,3,0,0,1,K,58.54,1.74,M,0,,,,,,,,,,,,15.2,3.5,21.9,6.3,0.511,63.423,69.239,-0.18623028264163,-1.20392678881032,2.41467671883527,2.42542902205272,2017-04-11,2017-05-10,,
QUA-3,QUA-1O3O,1O3O,1,QUA,3,3,0,0,1,K,54.93,1.58,M,1,55.27,1.607,M,0,0,,,,,,,15.2,3.5,21.9,6.3,0.511,63.423,69.239,-0.18623028264163,-1.20392678881032,2.41467671883527,2.42542902205272,2017-04-11,2017-05-10,,
QUA-3,QUA-1O5G,1O5G,1,QUA,3,3,0,0,1,K,39.48,0.53,F,1,42.04,0.67,F,0,0,,,,,0.135,0.127,15.2,3.5,21.9,6.3,0.511,63.423,69.239,-0.18623028264163,-1.20392678881032,2.41467671883527,2.42542902205272,2017-04-11,2017-05-10,,
QUA-3,QUA-1O5O,1O5O,1,QUA,3,3,0,0,1,K,42.5,0.62,M,0,,,,,,,,,,,,15.2,3.5,21.9,6.3,0.511,63.423,69.239,-0.18623028264163,-1.20392678881032,2.41467671883527,2.42542902205272,2017-04-11,2017-05-10,,
QUA-3,QUA-1O7G,1O7G,1,QUA,3,3,0,0,1,K,44.36,0.72,M,1,51.18,1.165,M,0,0,,,,,,,15.2,3.5,21.9,6.3,0.511,63.423,69.239,-0.18623028264163,-1.20392678881032,2.41467671883527,2.42542902205272,2017-04-11,2017-05-10,,
QUA-3,QUA-1O7O,1O7O,1,QUA,3,1,0,0,1,K,36.68,0.4,M,1,38.28,0.462,M,0,0,,,,,,,15.2,3.5,21.9,6.3,0.511,63.423,69.239,-0.18623028264163,-1.20392678881032,2.41467671883527,2.42542902205272,2017-04-11,2017-05-10,,
QUA-3,QUA-1P5O,1P5O,1,QUA,3,3,0,0,1,K,86.23,6.42,M,0,,,,,,,,,,,,15.2,3.5,21.9,6.3,0.511,63.423,69.239,-0.18623028264163,-1.20392678881032,2.41467671883527,2.42542902205272,2017-04-11,2017-05-10,,
QUA-3,QUA-1P7O,1P7O,1,QUA,3,3,0,0,1,K,76.32,4.3,M,1,77.15,4.113,M,0,0,,,,,,,15.2,3.5,21.9,6.3,0.511,63.423,69.239,-0.18623028264163,-1.20392678881032,2.41467671883527,2.42542902205272,2017-04-11,2017-05-10,,
QUA-3,QUA-1R3B,1R3B,1,QUA,3,3,0,0,1,K,45.57,0.76,M,1,45.87,0.773,M,0,0,,,,,,,15.2,3.5,21.9,6.3,0.511,63.423,69.239,-0.18623028264163,-1.20392678881032,2.41467671883527,2.42542902205272,2017-04-11,2017-05-10,,
QUA-3,QUA-1R3Y,1R3Y,1,QUA,3,3,0,0,1,K,58.16,1.71,F,1,58.26,1.786,F,0,0,,,,,0.374,0.358,15.2,3.5,21.9,6.3,0.511,63.423,69.239,-0.18623028264163,-1.20392678881032,2.41467671883527,2.42542902205272,2017-04-11,2017-05-10,,
QUA-3,QUA-1R5B,1R5B,1,QUA,3,3,0,0,1,K,47.77,0.86,M,1,47.77,0.86,M,0,0,,,,,,,15.2,3.5,21.9,6.3,0.511,63.423,69.239,-0.18623028264163,-1.20392678881032,2.41467671883527,2.42542902205272,2017-04-11,2017-05-10,,
QUA-3,QUA-1R5Y,1R5Y,1,QUA,3,3,0,0,1,K,24.62,0.11,J,1,28.53,0.192,J,0,0,,,,,,,15.2,3.5,21.9,6.3,0.511,63.423,69.239,-0.18623028264163,-1.20392678881032,2.41467671883527,2.42542902205272,2017-04-11,2017-05-10,,
QUA-3,QUA-1R7B,1R7B,1,QUA,3,3,0,0,1,K,56.89,1.69,M,0,,,,,,,,,,,,15.2,3.5,21.9,6.3,0.511,63.423,69.239,-0.18623028264163,-1.20392678881032,2.41467671883527,2.42542902205272,2017-04-11,2017-05-10,,
QUA-3,QUA-1R7Y,1R7Y,1,QUA,3,3,0,0,1,K,34.33,0.35,F,1,34.72,0.372,F,0,0,,,,,0.077,0.071,15.2,3.5,21.9,6.3,0.511,63.423,69.239,-0.18623028264163,-1.20392678881032,2.41467671883527,2.42542902205272,2017-04-11,2017-05-10,,
QUA-3,QUA-1V,1V,1,QUA,3,3,0,0,1,K,22.04,0.08,J,0,,,,,,,,,,,,15.2,3.5,21.9,6.3,0.511,63.423,69.239,-0.18623028264163,-1.20392678881032,2.41467671883527,2.42542902205272,2017-04-11,2017-05-10,,
QUA-3,QUA-1Y3B,1Y3B,1,QUA,3,3,0,0,1,K,23.59,0.11,J,0,,,,,,,,,,,,15.2,3.5,21.9,6.3,0.511,63.423,69.239,-0.18623028264163,-1.20392678881032,2.41467671883527,2.42542902205272,2017-04-11,2017-05-10,,
QUA-3,QUA-1Y5B,1Y5B,1,QUA,3,3,0,0,1,K,41.3,0.57,F,0,,,,,,,,,,,,15.2,3.5,21.9,6.3,0.511,63.423,69.239,-0.18623028264163,-1.20392678881032,2.41467671883527,2.42542902205272,2017-04-11,2017-05-10,,
QUA-3,QUA-1Y7B,1Y7B,1,QUA,3,3,0,0,1,K,42.19,0.56,J,1,42.86,,M,0,0,,,,,,,15.2,3.5,21.9,6.3,0.511,63.423,69.239,-0.18623028264163,-1.20392678881032,2.41467671883527,2.42542902205272,2017-04-11,2017-05-10,,
QUA-3,QUA-2B,2B,1,QUA,3,3,0,0,1,K,15.37,0.03,J,0,,,,,,,,,,,,15.2,3.5,21.9,6.3,0.511,63.423,69.239,-0.18623028264163,-1.20392678881032,2.41467671883527,2.42542902205272,2017-04-11,2017-05-10,,
QUA-3,QUA-2P,2P,1,QUA,3,3,0,0,1,K,17.66,0.04,J,0,,,,,,,,,,,,15.2,3.5,21.9,6.3,0.511,63.423,69.239,-0.18623028264163,-1.20392678881032,2.41467671883527,2.42542902205272,2017-04-11,2017-05-10,,
QUA-3,QUA-2R,2R,1,QUA,3,3,0,0,1,K,16.91,0.033,J,1,20.01,0.069,J,0,0,,,,,,,15.2,3.5,21.9,6.3,0.511,63.423,69.239,-0.18623028264163,-1.20392678881032,2.41467671883527,2.42542902205272,2017-04-11,2017-05-10,DEAD,
QUA-3,QUA-2R4R,2R4R,1,QUA,3,3,0,0,1,K,55.97,1.42,J,0,,,,,,,,,,,,15.2,3.5,21.9,6.3,0.511,63.423,69.239,-0.18623028264163,-1.20392678881032,2.41467671883527,2.42542902205272,2017-04-11,2017-05-10,,
QUA-3,QUA-2R6R,2R6R,1,QUA,3,3,0,0,1,K,39.25,0.46,F,0,,,,,,,,,,,,15.2,3.5,21.9,6.3,0.511,63.423,69.239,-0.18623028264163,-1.20392678881032,2.41467671883527,2.42542902205272,2017-04-11,2017-05-10,,
QUA-3,QUA-2R8R,2R8R,1,QUA,3,3,0,0,1,K,23.83,0.111,J,1,28.21,0.203,J,0,0,,,,,,,15.2,3.5,21.9,6.3,0.511,63.423,69.239,-0.18623028264163,-1.20392678881032,2.41467671883527,2.42542902205272,2017-04-11,2017-05-10,,
QUA-3,QUA-2V,2V,1,QUA,3,3,0,0,1,K,15.71,0.03,J,0,,,,,,,,,,,,15.2,3.5,21.9,6.3,0.511,63.423,69.239,-0.18623028264163,-1.20392678881032,2.41467671883527,2.42542902205272,2017-04-11,2017-05-10,DEAD,
QUA-3,QUA-3G5O,3G5O,1,QUA,3,3,0,0,1,K,55.26,1.56,F,1,55.42,1.652,F,0,0,,,,,0.338,0.326,15.2,3.5,21.9,6.3,0.511,63.423,69.239,-0.18623028264163,-1.20392678881032,2.41467671883527,2.42542902205272,2017-04-11,2017-05-10,,
QUA-3,QUA-3G7G,3G7G,1,QUA,3,3,0,0,1,K,84.75,6.06,F,1,82.63,5.628,F,1,1,,1,1.084,1.031,1.185,1.169,15.2,3.5,21.9,6.3,0.511,63.423,69.239,-0.18623028264163,-1.20392678881032,2.41467671883527,2.42542902205272,2017-04-11,2017-05-10,,
QUA-3,QUA-3G7O,3G7O,1,QUA,3,3,0,0,1,K,53.27,1.33,F,1,53.72,1.325,F,0,0,,,,,0.275,0.26,15.2,3.5,21.9,6.3,0.511,63.423,69.239,-0.18623028264163,-1.20392678881032,2.41467671883527,2.42542902205272,2017-04-11,2017-05-10,,
QUA-3,QUA-3O,3O,1,QUA,3,3,0,0,1,K,13.5,0.03,J,0,,,,,,,,,,,,15.2,3.5,21.9,6.3,0.511,63.423,69.239,-0.18623028264163,-1.20392678881032,2.41467671883527,2.42542902205272,2017-04-11,2017-05-10,DEAD,
QUA-3,QUA-3O5G,3O5G,1,QUA,3,3,0,0,1,K,44.69,0.78,M,1,45.36,0.82,M,0,0,,,,,,,15.2,3.5,21.9,6.3,0.511,63.423,69.239,-0.18623028264163,-1.20392678881032,2.41467671883527,2.42542902205272,2017-04-11,2017-05-10,,
QUA-3,QUA-3O5O,3O5O,1,QUA,3,3,0,0,1,K,29.46,0.19,J,1,27.22,0.244,J,0,0,,,,,,,15.2,3.5,21.9,6.3,0.511,63.423,69.239,-0.18623028264163,-1.20392678881032,2.41467671883527,2.42542902205272,2017-04-11,2017-05-10,,
QUA-3,QUA-3O7G,3O7G,1,QUA,3,3,0,0,1,K,47.8,0.91,F,1,48.4,1.056,F,0,0,,,,,0.209,0.197,15.2,3.5,21.9,6.3,0.511,63.423,69.239,-0.18623028264163,-1.20392678881032,2.41467671883527,2.42542902205272,2017-04-11,2017-05-10,,
QUA-3,QUA-3O7O,3O7O,1,QUA,3,3,0,0,1,K,26.29,0.15,J,1,30.13,0.233,J,0,0,,,,,,,15.2,3.5,21.9,6.3,0.511,63.423,69.239,-0.18623028264163,-1.20392678881032,2.41467671883527,2.42542902205272,2017-04-11,2017-05-10,,
QUA-3,QUA-3P5O,3P5O,1,QUA,3,3,0,0,1,K,89.42,6.66,F,1,90.34,6.515,F,1,1,,,,,1.441,1.414,15.2,3.5,21.9,6.3,0.511,63.423,69.239,-0.18623028264163,-1.20392678881032,2.41467671883527,2.42542902205272,2017-04-11,2017-05-10,,
QUA-3,QUA-3P7O,3P7O,1,QUA,3,3,0,0,1,K,67.05,2.53,F,0,,,,,,,,,,,,15.2,3.5,21.9,6.3,0.511,63.423,69.239,-0.18623028264163,-1.20392678881032,2.41467671883527,2.42542902205272,2017-04-11,2017-05-10,,
QUA-3,QUA-3R5B,3R5B,1,QUA,3,3,0,0,1,K,58.36,1.79,M,1,59.16,1.732,M,0,0,,,,,,,15.2,3.5,21.9,6.3,0.511,63.423,69.239,-0.18623028264163,-1.20392678881032,2.41467671883527,2.42542902205272,2017-04-11,2017-05-10,,
QUA-3,QUA-3R5Y,3R5Y,1,QUA,3,3,0,0,1,K,38.61,0.5,F,1,39.47,0.525,F,1,1,,,,,0.105,0.101,15.2,3.5,21.9,6.3,0.511,63.423,69.239,-0.18623028264163,-1.20392678881032,2.41467671883527,2.42542902205272,2017-04-11,2017-05-10,,
QUA-3,QUA-3R7B,3R7B,1,QUA,3,3,0,0,1,K,49.12,1.08,M,1,45.45,0.754,M,0,0,,,,,,,15.2,3.5,21.9,6.3,0.511,63.423,69.239,-0.18623028264163,-1.20392678881032,2.41467671883527,2.42542902205272,2017-04-11,2017-05-10,,
QUA-3,QUA-3R7Y,3R7Y,1,QUA,3,3,0,0,1,K,38.98,0.49,M,1,39.38,0.64,M,0,0,,,,,,,15.2,3.5,21.9,6.3,0.511,63.423,69.239,-0.18623028264163,-1.20392678881032,2.41467671883527,2.42542902205272,2017-04-11,2017-05-10,TWO EYES SPOTS,DEAD
QUA-3,QUA-3V,3V,1,QUA,3,3,0,0,1,K,17.88,0.048,J,0,,,,,,,,,,,,15.2,3.5,21.9,6.3,0.511,63.423,69.239,-0.18623028264163,-1.20392678881032,2.41467671883527,2.42542902205272,2017-04-11,2017-05-10,,
QUA-3,QUA-3Y,3Y,1,QUA,3,3,0,0,1,K,17.12,,J,1,23.56,0.091,J,0,0,,,,,,,15.2,3.5,21.9,6.3,0.511,63.423,69.239,-0.18623028264163,-1.20392678881032,2.41467671883527,2.42542902205272,2017-04-11,2017-05-10,,
QUA-3,QUA-3Y5B,3Y5B,1,QUA,3,3,0,0,1,K,57.33,1.64,F,1,57.73,1.671,F,0,0,,,,,0.346,0.325,15.2,3.5,21.9,6.3,0.511,63.423,69.239,-0.18623028264163,-1.20392678881032,2.41467671883527,2.42542902205272,2017-04-11,2017-05-10,,
QUA-3,QUA-3Y7B,3Y7B,1,QUA,3,3,0,0,1,K,55.19,1.43,M,1,55.75,1.555,M,,,,,,,,,15.2,3.5,21.9,6.3,0.511,63.423,69.239,-0.18623028264163,-1.20392678881032,2.41467671883527,2.42542902205272,2017-04-11,2017-05-10,,
QUA-3,QUA-4B,4B,1,QUA,3,3,0,0,1,K,12.25,0.02,J,0,,,,,,,,,,,,15.2,3.5,21.9,6.3,0.511,63.423,69.239,-0.18623028264163,-1.20392678881032,2.41467671883527,2.42542902205272,2017-04-11,2017-05-10,DEAD,
QUA-3,QUA-4P,4P,1,QUA,3,3,0,0,1,K,19.1,0.05,J,0,,,,,,,,,,,,15.2,3.5,21.9,6.3,0.511,63.423,69.239,-0.18623028264163,-1.20392678881032,2.41467671883527,2.42542902205272,2017-04-11,2017-05-10,,
QUA-3,QUA-4R6R,4R6R,1,QUA,3,3,0,0,1,K,20.7,0.067,J,0,,,,,,,,,,,,15.2,3.5,21.9,6.3,0.511,63.423,69.239,-0.18623028264163,-1.20392678881032,2.41467671883527,2.42542902205272,2017-04-11,2017-05-10,,
QUA-3,QUA-4R8R,4R8R,1,QUA,3,3,0,0,1,K,22.98,0.109,J,0,,,,,,,,,,,,15.2,3.5,21.9,6.3,0.511,63.423,69.239,-0.18623028264163,-1.20392678881032,2.41467671883527,2.42542902205272,2017-04-11,2017-05-10,,
QUA-3,QUA-4V,4V,1,QUA,3,3,0,0,1,K,18.5,0.054,J,0,,,,,,,,,,,,15.2,3.5,21.9,6.3,0.511,63.423,69.239,-0.18623028264163,-1.20392678881032,2.41467671883527,2.42542902205272,2017-04-11,2017-05-10,,
QUA-3,QUA-5G7G,5G7G,1,QUA,3,3,0,0,1,K,59.44,1.94,M,1,59.39,1.924,M,0,0,,,,,,,15.2,3.5,21.9,6.3,0.511,63.423,69.239,-0.18623028264163,-1.20392678881032,2.41467671883527,2.42542902205272,2017-04-11,2017-05-10,,
QUA-3,QUA-5G7O,5G7O,1,QUA,3,3,0,0,1,K,47.36,0.96,M,0,,,,,,,,,,,,15.2,3.5,21.9,6.3,0.511,63.423,69.239,-0.18623028264163,-1.20392678881032,2.41467671883527,2.42542902205272,2017-04-11,2017-05-10,,
QUA-3,QUA-5O7G,5O7G,1,QUA,3,3,0,0,1,K,49.39,1.08,M,0,,,,,,,,,,,,15.2,3.5,21.9,6.3,0.511,63.423,69.239,-0.18623028264163,-1.20392678881032,2.41467671883527,2.42542902205272,2017-04-11,2017-05-10,,
QUA-3,QUA-5P7O,5P7O,1,QUA,3,3,0,0,1,K,75.38,4.08,M,0,,,,,,,,,,,,15.2,3.5,21.9,6.3,0.511,63.423,69.239,-0.18623028264163,-1.20392678881032,2.41467671883527,2.42542902205272,2017-04-11,2017-05-10,,
QUA-3,QUA-5R7B,5R7B,1,QUA,3,3,0,0,1,K,40.97,0.57,M,1,42.73,0.626,M,0,0,,,,,,,15.2,3.5,21.9,6.3,0.511,63.423,69.239,-0.18623028264163,-1.20392678881032,2.41467671883527,2.42542902205272,2017-04-11,2017-05-10,,
QUA2-1,QUA2-1B,1B,1,QUA2,1,1,0,0,1,K,16.05,0.066,J,1,18.42,0.088,J,0,0,,,,,,,11.75,2.17,36.9,2.683,2.364,33.11,17.518,-0.971840078324139,-0.886255038433719,0.347787873602433,-0.422781037272996,2019-03-21,2019-04-17,,
QUA2-1,QUA2-1B3B,1B3B,1,QUA2,1,1,0,0,1,K,17.1,0.068,J,1,19.98,0.111,J,0,0,,,,,,,11.75,2.17,36.9,2.683,2.364,33.11,17.518,-0.971840078324139,-0.886255038433719,0.347787873602433,-0.422781037272996,2019-03-21,2019-04-17,,
QUA2-1,QUA2-1B4Y,1B4Y,1,QUA2,1,1,0,0,1,K,18.19,0.074,J,0,,,J,,,,,,,,,11.75,2.17,36.9,2.683,2.364,33.11,17.518,-0.971840078324139,-0.886255038433719,0.347787873602433,-0.422781037272996,2019-03-21,2019-04-17,,
QUA2-1,QUA2-1B9B,1B9B,1,QUA2,1,1,0,0,1,K,12.06,0.033,J,1,16.41,0.059,J,0,0,,,,,,,11.75,2.17,36.9,2.683,2.364,33.11,17.518,-0.971840078324139,-0.886255038433719,0.347787873602433,-0.422781037272996,2019-03-21,2019-04-17,,
QUA2-1,QUA2-1O6R9B,1O6R9B,1,QUA2,1,1,0,0,1,K,61.78,4.035,M,1,62.77,4.762,M,,,,,,,,,11.75,2.17,36.9,2.683,2.364,33.11,17.518,-0.971840078324139,-0.886255038433719,0.347787873602433,-0.422781037272996,2019-03-21,2019-04-17,,
QUA2-1,QUA2-1O8B9B,1O8B9B,1,QUA2,1,1,0,0,1,K,39.83,0.923,M,1,41.41,1.105,M,,,,,,,,,11.75,2.17,36.9,2.683,2.364,33.11,17.518,-0.971840078324139,-0.886255038433719,0.347787873602433,-0.422781037272996,2019-03-21,2019-04-17,,
QUA2-1,QUA2-1O8O9B,1O8O9B,1,QUA2,1,1,0,0,1,K,69.26,6.237,M,0,,,M,,,,,,,,,11.75,2.17,36.9,2.683,2.364,33.11,17.518,-0.971840078324139,-0.886255038433719,0.347787873602433,-0.422781037272996,2019-03-21,2019-04-17,,
QUA2-1,QUA2-1O8R9B,1O8R9B,1,QUA2,1,1,0,0,1,K,34.46,0.612,F,0,,,,,,,,,,,,11.75,2.17,36.9,2.683,2.364,33.11,17.518,-0.971840078324139,-0.886255038433719,0.347787873602433,-0.422781037272996,2019-03-21,2019-04-17,,
QUA2-1,QUA2-1O8Y9B,1O8Y9B,1,QUA2,1,1,0,0,1,K,30.01,0.374,F,1,31.45,0.432,F,0,0,,,,,,,11.75,2.17,36.9,2.683,2.364,33.11,17.518,-0.971840078324139,-0.886255038433719,0.347787873602433,-0.422781037272996,2019-03-21,2019-04-17,,
QUA2-1,QUA2-1R,1R,1,QUA2,1,1,0,0,1,K,12.46,0.027,J,1,15.76,0.058,J,0,0,,,,,,,11.75,2.17,36.9,2.683,2.364,33.11,17.518,-0.971840078324139,-0.886255038433719,0.347787873602433,-0.422781037272996,2019-03-21,2019-04-17,,
QUA2-1,QUA2-1R3B9B,1R3B9B,1,QUA2,1,1,0,0,1,K,26.19,0.241,J,1,26.4,0.274,M,,,,,,,,,11.75,2.17,36.9,2.683,2.364,33.11,17.518,-0.971840078324139,-0.886255038433719,0.347787873602433,-0.422781037272996,2019-03-21,2019-04-17,,
QUA2-1,QUA2-1R4B9B,1R4B9B,1,QUA2,1,1,0,0,1,K,35.55,0.649,M,0,,,,,,,,,,,,11.75,2.17,36.9,2.683,2.364,33.11,17.518,-0.971840078324139,-0.886255038433719,0.347787873602433,-0.422781037272996,2019-03-21,2019-04-17,,
QUA2-1,QUA2-1R4O9B,1R4O9B,1,QUA2,1,1,0,0,1,K,27.4,0.275,F,0,,,,,,,,,,,,11.75,2.17,36.9,2.683,2.364,33.11,17.518,-0.971840078324139,-0.886255038433719,0.347787873602433,-0.422781037272996,2019-03-21,2019-04-17,,
QUA2-1,QUA2-1R4Y,1R4Y,1,QUA2,1,1,0,0,1,K,23.32,0.175,J,1,21.94,0.158,J,0,0,,,,,,,11.75,2.17,36.9,2.683,2.364,33.11,17.518,-0.971840078324139,-0.886255038433719,0.347787873602433,-0.422781037272996,2019-03-21,2019-04-17,,
QUA2-1,QUA2-1R6B,1R6B,1,QUA2,1,1,0,0,1,K,18.78,0.101,J,1,20.97,0.129,J,0,0,,,,,,,11.75,2.17,36.9,2.683,2.364,33.11,17.518,-0.971840078324139,-0.886255038433719,0.347787873602433,-0.422781037272996,2019-03-21,2019-04-17,,
QUA2-1,QUA2-1R6Y,1R6Y,1,QUA2,1,1,0,0,1,K,17.99,0.08,J,1,20.02,0.123,J,0,0,,,,,,,11.75,2.17,36.9,2.683,2.364,33.11,17.518,-0.971840078324139,-0.886255038433719,0.347787873602433,-0.422781037272996,2019-03-21,2019-04-17,,
QUA2-1,QUA2-1R8Y,1R8Y,1,QUA2,1,1,0,0,1,K,19.26,0.121,J,0,,,J,,,,,,,,,11.75,2.17,36.9,2.683,2.364,33.11,17.518,-0.971840078324139,-0.886255038433719,0.347787873602433,-0.422781037272996,2019-03-21,2019-04-17,,
QUA2-1,QUA2-1Y,1Y,1,QUA2,1,1,0,0,1,K,11.8,0.023,J,0,,,,,,,,,,,,11.75,2.17,36.9,2.683,2.364,33.11,17.518,-0.971840078324139,-0.886255038433719,0.347787873602433,-0.422781037272996,2019-03-21,2019-04-17,,
QUA2-1,QUA2-1Y3B,1Y3B,1,QUA2,1,1,0,0,1,K,22.59,0.158,J,1,25.13,0.237,J,0,0,,,,,,,11.75,2.17,36.9,2.683,2.364,33.11,17.518,-0.971840078324139,-0.886255038433719,0.347787873602433,-0.422781037272996,2019-03-21,2019-04-17,,
QUA2-1,QUA2-1Y3R,1Y3R,1,QUA2,1,1,0,0,1,K,16.63,0.071,J,1,20.87,0.128,J,0,0,,,,,,,11.75,2.17,36.9,2.683,2.364,33.11,17.518,-0.971840078324139,-0.886255038433719,0.347787873602433,-0.422781037272996,2019-03-21,2019-04-17,,
QUA2-1,QUA2-1Y4O9B,1Y4O9B,1,QUA2,1,1,0,0,1,K,34.1,0.608,F,1,35.6,0.679,F,0,0,,,,,,,11.75,2.17,36.9,2.683,2.364,33.11,17.518,-0.971840078324139,-0.886255038433719,0.347787873602433,-0.422781037272996,2019-03-21,2019-04-17,,
QUA2-1,QUA2-2B4O9B,2B4O9B,1,QUA2,1,1,0,0,1,K,38.78,0.778,M,1,38.77,0.778,M,,,,,,,,,11.75,2.17,36.9,2.683,2.364,33.11,17.518,-0.971840078324139,-0.886255038433719,0.347787873602433,-0.422781037272996,2019-03-21,2019-04-17,,
QUA2-1,QUA2-2B6O9B,2B6O9B,1,QUA2,1,1,0,0,1,K,22.95,0.157,J,1,22.8,0.171,J,0,0,,,,,,,11.75,2.17,36.9,2.683,2.364,33.11,17.518,-0.971840078324139,-0.886255038433719,0.347787873602433,-0.422781037272996,2019-03-21,2019-04-17,,
QUA2-1,QUA2-2O,2O,1,QUA2,1,1,0,0,1,K,11.54,0.022,J,0,,,J,,,,,,,,,11.75,2.17,36.9,2.683,2.364,33.11,17.518,-0.971840078324139,-0.886255038433719,0.347787873602433,-0.422781037272996,2019-03-21,2019-04-17,,
QUA2-1,QUA2-2O4R9O,2O4R9O,1,QUA2,1,1,0,0,1,K,26.73,0.273,F,0,,,F,,,,,,,,,11.75,2.17,36.9,2.683,2.364,33.11,17.518,-0.971840078324139,-0.886255038433719,0.347787873602433,-0.422781037272996,2019-03-21,2019-04-17,,
QUA2-1,QUA2-2O4Y9B,2O4Y9B,1,QUA2,1,1,0,0,1,K,22.15,0.172,J,1,24.21,0.201,J,0,0,,,,,,,11.75,2.17,36.9,2.683,2.364,33.11,17.518,-0.971840078324139,-0.886255038433719,0.347787873602433,-0.422781037272996,2019-03-21,2019-04-17,,
QUA2-1,QUA2-2O6B9B,2O6B9B,1,QUA2,1,1,0,0,1,K,37.09,0.699,F,0,,,,,,,,,,,,11.75,2.17,36.9,2.683,2.364,33.11,17.518,-0.971840078324139,-0.886255038433719,0.347787873602433,-0.422781037272996,2019-03-21,2019-04-17,,
QUA2-1,QUA2-2O6O9B,2O6O9B,1,QUA2,1,1,0,0,1,K,56.79,2.854,M,1,58.28,3.193,M,,,,,,,,,11.75,2.17,36.9,2.683,2.364,33.11,17.518,-0.971840078324139,-0.886255038433719,0.347787873602433,-0.422781037272996,2019-03-21,2019-04-17,,
QUA2-1,QUA2-2O6R9B,2O6R9B,1,QUA2,1,1,0,0,1,K,20.93,0.121,J,1,22.75,0.178,J,0,0,,,,,,,11.75,2.17,36.9,2.683,2.364,33.11,17.518,-0.971840078324139,-0.886255038433719,0.347787873602433,-0.422781037272996,2019-03-21,2019-04-17,,
QUA2-1,QUA2-2O6Y9B,2O6Y9B,1,QUA2,1,1,0,0,1,K,37.77,0.797,M,0,,,,,,,,,,,,11.75,2.17,36.9,2.683,2.364,33.11,17.518,-0.971840078324139,-0.886255038433719,0.347787873602433,-0.422781037272996,2019-03-21,2019-04-17,,
QUA2-1,QUA2-2O6Y9O,2O6Y9O,1,QUA2,1,1,0,0,1,K,52.37,2.143,F,1,53.38,2.205,F,0,0,,,,,,,11.75,2.17,36.9,2.683,2.364,33.11,17.518,-0.971840078324139,-0.886255038433719,0.347787873602433,-0.422781037272996,2019-03-21,2019-04-17,,
QUA2-1,QUA2-2R,2R,1,QUA2,1,1,0,0,1,K,11.81,0.042,J,0,,,J,,,,,,,,,11.75,2.17,36.9,2.683,2.364,33.11,17.518,-0.971840078324139,-0.886255038433719,0.347787873602433,-0.422781037272996,2019-03-21,2019-04-17,,
QUA2-1,QUA2-2R3O,2R3O,1,QUA2,1,1,0,0,1,K,18.16,0.08,J,1,20.86,0.124,J,0,0,,,,,,,11.75,2.17,36.9,2.683,2.364,33.11,17.518,-0.971840078324139,-0.886255038433719,0.347787873602433,-0.422781037272996,2019-03-21,2019-04-17,,
QUA2-1,QUA2-2R3R,2R3R,1,QUA2,1,1,0,0,1,K,15.56,0.062,J,1,18.92,0.102,J,0,0,,,,,,,11.75,2.17,36.9,2.683,2.364,33.11,17.518,-0.971840078324139,-0.886255038433719,0.347787873602433,-0.422781037272996,2019-03-21,2019-04-17,,
QUA2-1,QUA2-2R4R,2R4R,1,QUA2,1,1,0,0,1,K,20.96,0.153,J,0,,,J,,,,,,,,,11.75,2.17,36.9,2.683,2.364,33.11,17.518,-0.971840078324139,-0.886255038433719,0.347787873602433,-0.422781037272996,2019-03-21,2019-04-17,,
QUA2-1,QUA2-2R6O9B,2R6O9B,1,QUA2,1,1,0,0,1,K,36.43,0.658,F,1,36.88,0.699,F,0,0,,,,,,,11.75,2.17,36.9,2.683,2.364,33.11,17.518,-0.971840078324139,-0.886255038433719,0.347787873602433,-0.422781037272996,2019-03-21,2019-04-17,,
QUA2-1,QUA2-2R6R,2R6R,1,QUA2,1,1,0,0,1,K,20.19,0.119,J,1,21.14,0.142,J,0,0,,,,,,,11.75,2.17,36.9,2.683,2.364,33.11,17.518,-0.971840078324139,-0.886255038433719,0.347787873602433,-0.422781037272996,2019-03-21,2019-04-17,,
QUA2-1,QUA2-2Y3O9B,2Y3O9B,1,QUA2,1,1,0,0,1,K,71.12,6.35,M,0,,,,,,,,,,,,11.75,2.17,36.9,2.683,2.364,33.11,17.518,-0.971840078324139,-0.886255038433719,0.347787873602433,-0.422781037272996,2019-03-21,2019-04-17,,
QUA2-1,QUA2-3B,3B,1,QUA2,1,1,0,0,1,K,17.02,0.063,J,0,,,,,,,,,,,,11.75,2.17,36.9,2.683,2.364,33.11,17.518,-0.971840078324139,-0.886255038433719,0.347787873602433,-0.422781037272996,2019-03-21,2019-04-17,,
QUA2-1,QUA2-3R,3R,1,QUA2,1,1,0,0,1,K,15.01,0.07,J,1,19.42,0.094,J,0,0,,,,,,,11.75,2.17,36.9,2.683,2.364,33.11,17.518,-0.971840078324139,-0.886255038433719,0.347787873602433,-0.422781037272996,2019-03-21,2019-04-17,,
QUA2-1,QUA2-5B6O9B,5B6O9B,1,QUA2,1,1,0,0,1,K,36.41,0.665,M,0,,,,,,,,,,,,11.75,2.17,36.9,2.683,2.364,33.11,17.518,-0.971840078324139,-0.886255038433719,0.347787873602433,-0.422781037272996,2019-03-21,2019-04-17,,
QUA2-1,QUA2-5O6B9B,5O6B9B,1,QUA2,1,1,0,0,1,K,26.86,0.281,F,0,,,,,,,,,,,,11.75,2.17,36.9,2.683,2.364,33.11,17.518,-0.971840078324139,-0.886255038433719,0.347787873602433,-0.422781037272996,2019-03-21,2019-04-17,,
QUA2-1,QUA2-5O8B9B,5O8B9B,1,QUA2,1,1,0,0,1,K,24.33,0.204,F,1,24.93,0.232,F,0,0,,,,,,,11.75,2.17,36.9,2.683,2.364,33.11,17.518,-0.971840078324139,-0.886255038433719,0.347787873602433,-0.422781037272996,2019-03-21,2019-04-17,,
QUA2-1,QUA2-5O8O9B,5O8O9B,1,QUA2,1,1,0,0,1,K,24.45,0.185,F,0,,,,,,,,,,,,11.75,2.17,36.9,2.683,2.364,33.11,17.518,-0.971840078324139,-0.886255038433719,0.347787873602433,-0.422781037272996,2019-03-21,2019-04-17,,
QUA2-1,QUA2-5R,5R,1,QUA2,1,1,0,0,1,K,12.6,0.036,J,1,17.18,0.076,J,0,0,,,,,,,11.75,2.17,36.9,2.683,2.364,33.11,17.518,-0.971840078324139,-0.886255038433719,0.347787873602433,-0.422781037272996,2019-03-21,2019-04-17,,
QUA2-1,QUA2-5R6O9B,5R6O9B,1,QUA2,1,1,0,0,1,K,26.02,0.251,J,1,26.9,,J,0,0,,,,,,,11.75,2.17,36.9,2.683,2.364,33.11,17.518,-0.971840078324139,-0.886255038433719,0.347787873602433,-0.422781037272996,2019-03-21,2019-04-17,,
QUA2-1,QUA2-5R6R9B,5R6R9B,1,QUA2,1,1,0,0,1,K,29.05,0.345,M,1,29.67,0.395,M,,,,,,,,,11.75,2.17,36.9,2.683,2.364,33.11,17.518,-0.971840078324139,-0.886255038433719,0.347787873602433,-0.422781037272996,2019-03-21,2019-04-17,,
QUA2-1,QUA2-5Y,5Y,1,QUA2,1,1,0,0,1,K,12.64,0.03,J,0,,,J,,,,,,,,,11.75,2.17,36.9,2.683,2.364,33.11,17.518,-0.971840078324139,-0.886255038433719,0.347787873602433,-0.422781037272996,2019-03-21,2019-04-17,,
QUA2-1,QUA2-5Y6O9B,5Y6O9B,1,QUA2,1,1,0,0,1,K,33.42,0.549,M,1,34.01,0.585,M,,,,,,,,,11.75,2.17,36.9,2.683,2.364,33.11,17.518,-0.971840078324139,-0.886255038433719,0.347787873602433,-0.422781037272996,2019-03-21,2019-04-17,,
QUA2-3,QUA2-1B3Y,1B3Y,1,QUA2,3,3,1,0,0,K,15.67,0.051,J,0,,,,,,,,,,,,13.19,1.93,27.1,3.405,1.173,16.032,9.723,-0.815022198179608,-1.09043585586412,-0.816673832559489,-0.852041829068281,2019-03-21,2019-04-17,,
QUA2-3,QUA2-1B4O,1B4O,1,QUA2,3,3,1,0,0,K,17.62,0.076,J,0,,,,,,,,,,,,13.19,1.93,27.1,3.405,1.173,16.032,9.723,-0.815022198179608,-1.09043585586412,-0.816673832559489,-0.852041829068281,2019-03-21,2019-04-17,,
QUA2-3,QUA2-1O3B9R,1O3B9R,1,QUA2,3,3,1,0,0,K,44.85,1.379,M,1,44.85,1.352,M,,,,,,,,,13.19,1.93,27.1,3.405,1.173,16.032,9.723,-0.815022198179608,-1.09043585586412,-0.816673832559489,-0.852041829068281,2019-03-21,2019-04-17,,
QUA2-3,QUA2-1O3Y9R,1O3Y9R,1,QUA2,3,3,1,0,0,K,68.74,5.096,M,0,,,,,,,,,,,,13.19,1.93,27.1,3.405,1.173,16.032,9.723,-0.815022198179608,-1.09043585586412,-0.816673832559489,-0.852041829068281,2019-03-21,2019-04-17,,
QUA2-3,QUA2-1O4B,1O4B,1,QUA2,3,3,1,0,0,K,20.78,0.12,J,1,24.29,0.212,J,0,0,,,,,,,13.19,1.93,27.1,3.405,1.173,16.032,9.723,-0.815022198179608,-1.09043585586412,-0.816673832559489,-0.852041829068281,2019-03-21,2019-04-17,,
QUA2-3,QUA2-1O4O9R,1O4O9R,1,QUA2,3,3,1,0,0,K,17.87,0.085,J,1,20.93,0.131,J,0,0,,,,,,,13.19,1.93,27.1,3.405,1.173,16.032,9.723,-0.815022198179608,-1.09043585586412,-0.816673832559489,-0.852041829068281,2019-03-21,2019-04-17,,
QUA2-3,QUA2-1O4R9R,1O4R9R,1,QUA2,3,3,1,0,0,K,19.37,0.102,J,0,,,,,,,,,,,,13.19,1.93,27.1,3.405,1.173,16.032,9.723,-0.815022198179608,-1.09043585586412,-0.816673832559489,-0.852041829068281,2019-03-21,2019-04-17,,
QUA2-3,QUA2-1O4Y,1O4Y,1,QUA2,3,3,1,0,0,K,18.29,0.092,J,0,,,,,,,,,,,,13.19,1.93,27.1,3.405,1.173,16.032,9.723,-0.815022198179608,-1.09043585586412,-0.816673832559489,-0.852041829068281,2019-03-21,2019-04-17,,
QUA2-3,QUA2-1O6B,1O6B,1,QUA2,3,3,1,0,0,K,16.53,0.068,J,1,21.72,0.135,J,0,0,,,,,,,13.19,1.93,27.1,3.405,1.173,16.032,9.723,-0.815022198179608,-1.09043585586412,-0.816673832559489,-0.852041829068281,2019-03-21,2019-04-17,,
QUA2-3,QUA2-1O6O,1O6O,1,QUA2,3,3,1,0,0,K,21.81,0.166,J,1,23.85,0.21,J,0,0,,,,,,,13.19,1.93,27.1,3.405,1.173,16.032,9.723,-0.815022198179608,-1.09043585586412,-0.816673832559489,-0.852041829068281,2019-03-21,2019-04-17,,
QUA2-3,QUA2-1R3O9R,1R3O9R,1,QUA2,3,3,1,0,0,K,17.02,0.07,J,1,20,0.115,J,0,0,,,,,,,13.19,1.93,27.1,3.405,1.173,16.032,9.723,-0.815022198179608,-1.09043585586412,-0.816673832559489,-0.852041829068281,2019-03-21,2019-04-17,,
QUA2-3,QUA2-1R3R4R9R,1R3R4R9R,1,QUA2,3,3,1,0,0,K,40.6,0.984,F,1,41.33,1.084,F,1,26,,26,0.346,0.244,,,13.19,1.93,27.1,3.405,1.173,16.032,9.723,-0.815022198179608,-1.09043585586412,-0.816673832559489,-0.852041829068281,2019-03-21,2019-04-17,,
QUA2-3,QUA2-1R3R9R,1R3R9R,1,QUA2,3,3,1,0,0,K,53.65,2.376,M,1,54.17,2.484,M,,,,,,,,,13.19,1.93,27.1,3.405,1.173,16.032,9.723,-0.815022198179608,-1.09043585586412,-0.816673832559489,-0.852041829068281,2019-03-21,2019-04-17,,
QUA2-3,QUA2-1R3Y9R,1R3Y9R,1,QUA2,3,3,1,0,0,K,45.86,1.4,F,1,46.51,1.541,F,1,15,,15,0.099,0.01,,,13.19,1.93,27.1,3.405,1.173,16.032,9.723,-0.815022198179608,-1.09043585586412,-0.816673832559489,-0.852041829068281,2019-03-21,2019-04-17,,
QUA2-3,QUA2-1R6O,1R6O,1,QUA2,3,3,1,0,0,K,19.06,0.096,J,0,,,,,,,,,,,,13.19,1.93,27.1,3.405,1.173,16.032,9.723,-0.815022198179608,-1.09043585586412,-0.816673832559489,-0.852041829068281,2019-03-21,2019-04-17,,
QUA2-3,QUA2-1R6R9R,1R6R9R,1,QUA2,3,3,1,0,0,K,51.2,2.159,M,0,,,,,,,,,,,,13.19,1.93,27.1,3.405,1.173,16.032,9.723,-0.815022198179608,-1.09043585586412,-0.816673832559489,-0.852041829068281,2019-03-21,2019-04-17,,
QUA2-3,QUA2-1R8B9R,1R8B9R,1,QUA2,3,3,1,0,0,K,27.28,0.292,J,1,28.89,0.34,F,0,0,,,,,,,13.19,1.93,27.1,3.405,1.173,16.032,9.723,-0.815022198179608,-1.09043585586412,-0.816673832559489,-0.852041829068281,2019-03-21,2019-04-17,,
QUA2-3,QUA2-1R8R9R,1R8R9R,1,QUA2,3,3,1,0,0,K,35.23,0.624,M,1,36.15,0.676,M,,,,,,,,,13.19,1.93,27.1,3.405,1.173,16.032,9.723,-0.815022198179608,-1.09043585586412,-0.816673832559489,-0.852041829068281,2019-03-21,2019-04-17,,
QUA2-3,QUA2-1Y3O9R,1Y3O9R,1,QUA2,3,3,1,0,0,K,27.35,0.296,F,1,28.98,0.347,F,0,0,,,,,,,13.19,1.93,27.1,3.405,1.173,16.032,9.723,-0.815022198179608,-1.09043585586412,-0.816673832559489,-0.852041829068281,2019-03-21,2019-04-17,,
QUA2-3,QUA2-2O3B9R,2O3B9R,1,QUA2,3,3,1,0,0,K,18.64,0.094,J,1,34.57,0.56,J,0,0,,,,,,,13.19,1.93,27.1,3.405,1.173,16.032,9.723,-0.815022198179608,-1.09043585586412,-0.816673832559489,-0.852041829068281,2019-03-21,2019-04-17,,
QUA2-3,QUA2-2O3O9R,2O3O9R,1,QUA2,3,3,1,0,0,K,24.03,0.196,J,1,25.19,0.225,J,0,0,,,,,,,13.19,1.93,27.1,3.405,1.173,16.032,9.723,-0.815022198179608,-1.09043585586412,-0.816673832559489,-0.852041829068281,2019-03-21,2019-04-17,,
QUA2-3,QUA2-2O3R9R,2O3R9R,1,QUA2,3,3,1,0,0,K,16.42,0.059,J,1,18.32,0.088,J,0,0,,,,,,,13.19,1.93,27.1,3.405,1.173,16.032,9.723,-0.815022198179608,-1.09043585586412,-0.816673832559489,-0.852041829068281,2019-03-21,2019-04-17,,
QUA2-3,QUA2-2O3Y,2O3Y,1,QUA2,3,3,1,0,0,K,11.44,0.027,J,0,,,,,,,,,,,,13.19,1.93,27.1,3.405,1.173,16.032,9.723,-0.815022198179608,-1.09043585586412,-0.816673832559489,-0.852041829068281,2019-03-21,2019-04-17,,
QUA2-3,QUA2-2O4O,2O4O,1,QUA2,3,3,1,0,0,K,16.56,0.057,J,1,20.14,0.106,J,0,0,,,,,,,13.19,1.93,27.1,3.405,1.173,16.032,9.723,-0.815022198179608,-1.09043585586412,-0.816673832559489,-0.852041829068281,2019-03-21,2019-04-17,,
QUA2-3,QUA2-2R8R,2R8R,1,QUA2,3,3,1,0,0,K,16.12,0.067,J,1,19.71,0.117,J,0,0,,,,,,,13.19,1.93,27.1,3.405,1.173,16.032,9.723,-0.815022198179608,-1.09043585586412,-0.816673832559489,-0.852041829068281,2019-03-21,2019-04-17,,
